{"best_score": 297.03220277167463, "score_history": [-99.33769659253544, -81.34290406856496, -100.89807066601577, -98.73676961513422, -115.49422939053298, -114.48928156948648, -102.66984987441862, -103.16510873772793, -78.4948092860091, -192.0646608173687, -115.04927581806231, -99.64623690506126, -61.315209378763065, -76.53105181504425, -105.22884557172345, -64.27762023396801, -65.25795430632915, -56.11775589554377, -46.99075853410611, -44.816104577228735, -50.61009876776139, -48.00382068732879, -45.12621936967732, -46.353464203196, -45.010401885374804, -43.43845271800803, -36.241271394714275, -40.40375241214336, -43.63076754094269, -46.50798687659312, -52.419513431950215, -30.187278967587968, -32.268718391031534, -34.23399984649658, -37.489563059933296, -29.540928407726597, -25.309111386120048, -17.507300748824463, -22.091439830373403, -18.463434337079512, -21.98029384240641, -6.1618383334859175, 8.058889569649397, 9.437698015635233, -2.342753463624071, 15.066689687610669, 13.122050346810509, 8.176971562359595, 14.313711819570425, 30.198810530432574, 58.03806167874115, 47.34074312627099, 56.14853405293427, 59.409873727352306, 73.50575172959823, 83.40842496827943, -39.45675119474947, 129.14087390292184, 108.76894854657867, 137.7984593260382, 129.71372057875143, 138.9845432267494, 151.4245992157757, 156.52311445099463, 171.5641922700381, 180.44561079113174, 177.45349075018154, 197.1962797687333, -121.92741301768328, 184.6136435403191, 160.15718165964142, 163.16584661268655, 158.6949547258977, 191.16189982313492, 156.81335317668427, 173.6751486655704, 205.6434486047889, 206.19545525282047, 216.87504109577932, 210.31884135616792, 216.61909986400144, 224.19790297020592, 225.0849690155544, 244.7342168211022, 238.8794013563454, 241.98322037371386, 241.76338282970707, 237.09121766323665, 246.94596039867457, 240.2282330388918, 236.324129170306, 253.75851625773183, 256.6568323683959, 272.0160885664344, 245.02028162263213, 255.4370711676031, -33.02346171606938, 271.94369207842664, 249.4821300838639, 263.81422304817204, 274.9066762722215, 270.331357332957, 273.21781344640135, 276.930794502028, 275.03057655815024, 268.3629649900646, 274.329871486321, 281.54294395876946, 270.81762991731205, 268.34988651332003, 275.404936062274, 275.82356757141315, 281.5523406537065, 279.6566662526258, 281.8863639389667, 284.9106194902715, 280.40460980247667, 281.46931475646016, 283.5603076413367, 284.8276247614326, 284.4418572452609, 281.28370285276895, 281.02568514900895, 288.242397726822, 286.7727993421727, 291.4249201519516, 289.38843718939205, 293.67627594906025, 138.28191329465508, 285.2418953551179, 288.36997606084367, 290.42328900192, 280.838576760461, 292.426387417378, 179.27895925022597, 285.72657995834203, 287.8113252874468, 287.9569384274283, 284.17567600045584, 291.945432694434, 272.3630792341395, 287.1089911633012, 291.78720984086846, 294.7766672357882, 297.58803822698326, 294.18312003442645, 296.26607782601604, 291.1688388782902, 290.66742290183356, 294.30474125564876, 294.76035300756973, 294.6551188760551, 290.51821133912915, 297.73085285081345, 300.08712659486287, -36.37115314730539, 295.2808763132073, 296.23581735396607, 294.5470134147361, 295.9755025883406, 300.6522151721214, 292.1674126820971, 296.44631858407985, 295.52006812037274, 295.75283452167906, 299.37170301580875, 294.36181221382975, 294.058083935993, 294.6057610883158, 297.48336714512527, 293.13244114078066, 297.2777998824644, 295.21821457730033, 293.53305957927745, 300.826075152934, 298.1542359395111, 300.1604462246837, 302.1430846683624, 295.5077316140827, 298.1694447855969, 298.392789322584, 302.5665629103168, 292.31952174388204, 296.74899010865556, 296.8373771005183, 299.1654685558669, 293.50653941887845, 298.1289677170908, 299.92716947375817, 303.38284318269206, 300.2036760645615, 300.949902787269, 300.2186479182089, 297.7094921609118, 303.8609789028859, 298.66851384732615, 295.3904175615633, 295.5382701031334, 296.9717799766319, 301.6142239099865, 295.87409878327514, 298.344569414113, 297.50534539293795, 301.98193575136474, 298.2724197139134, 296.25288302221503, 299.24710263586303, 302.4676654090853, 301.917274560864, 300.81024531282327, 299.9294781647886, 300.84256469320263, 304.1777001710615, 301.613967513092, 298.4391136724366, 299.8088452400284, 299.9545011319512, 302.1955278315662, 303.04660373575405, 297.42597683326846, 298.3896326664125, 300.14850099410427, 301.82765981391753, 297.56160365395937, 303.1519196095312, 298.5412292144991, 301.80734458571686, 302.370743419337, 294.9053607443552, 298.6804294142962, 304.47405492255035, 304.79210366259366, 296.27126919118973, 300.90623656496473, 297.54785126104343, 301.967621618489, 301.4360202134185, 298.84077754995224, 304.31804787608183, 299.2990501121174, 301.43621123646767, 300.3623008260411, 302.14596303522154, 298.69242088634064, 303.1068056819101, 296.5253380537138, 307.33745487623173, 297.13285338481, 303.13387239494523, 303.7580526764531, 303.77332011109957, 303.84019253546745, 300.8126328368402, 301.9591277872033, 299.2793337826831, -35.84735741023562, 304.0626399881276, 304.41061481314955, 303.0862670840919, 305.9231300918181, 301.20098661959616, 302.64756923730715, 302.50492864383705, 305.9626285227411, 302.39451877505593, 303.08433668210773, 301.0627542764138, 298.3552650435754, 298.8882693873005, 301.77830141100037, 302.5953791342758, 300.2644078531569, 302.8793285467597, 300.1197959813881, 300.968280309477, 97.9973542013825, 299.28879307820375, 300.913910820052, 302.1475004934863, -85.51354724653935, 302.1379393342568, 300.28869166103135, 301.2415459400104, 301.0875422513, 301.77516127353715, 300.2275196873813, 301.9853542223845, 302.52216315743163, 301.225634848142, 303.47261226733156, 298.8676823279699, 304.1525832970921, 301.23772873714734, 302.0288447553177, 302.8577068402653, 301.9704215189291, 304.3487180256443, 300.55270860713443, 302.95181354303844, 301.4615341595583, 303.0956072757476, 299.45031078609884, 300.58652286586454, 302.9145020768294, 302.73185002343655, 303.39001314894847, 302.58567687712303, 297.59417432620154, 300.1716547140219, 302.04802171369226, 299.3561071905641, 294.1909002891223, 302.1061909900161, 296.03808793138194, -92.13612657521914, 295.355543732825, 300.30125167002603, 302.029503329255, 301.1757614831218, 303.5729280880345, 297.69616649412905, 302.89894009438956, 299.99749554059724, 300.51839343736776, 300.5459713789712, 302.4410208818183, 305.16345015842415, 300.90326570182634, 303.0931177728528, 300.81585159996075, 304.7348753063215, 304.3470714664123, 302.84311675826575, 295.0721729454645, 302.37113291542806, 298.7545892946183, 304.4814175045326, 303.7951413305509, 37.163716590548006, 304.30370212959866, 306.14816443534687, 304.1316838285171, 303.52294890495074, 301.77702433353414, 306.5318335362885, 301.54179444976825, 64.00968357482688, 303.05063586394374, 303.47383941525203, 301.56277800885454, 303.4047491124538, 301.26904290757386, 303.19131060554105, 299.4269466183081, 298.32634445625706, 302.0485223697833, 303.2182004115388, 302.90709495122707, 303.86964794996976, 301.0628422537223, 299.40487212998363, 299.36769402040824, 301.0796311987871, 301.68009371579757, 301.067962263707, 302.2464952169543, 302.3077685101178, 304.10172718682594, 303.44879629340403, -114.60522358352442, 303.04224865325097, 303.62426216498653, 300.454314545605, 302.65926129024865, 301.9765042856333, 302.33872176823314, 303.2600356140701, 301.47695700769907, 303.24833737349513, 299.01762236984996, 302.51583556189235, 299.00552872614577, 297.48962707390706, 303.20455374414416, 301.534353355013, 297.62110786829544, 301.3056536878468, 302.061433694922, 301.8105296180295, 304.30490700659715, 300.17404766196404, 304.25079238071254, 300.81376078454554, 303.42305592021404, 302.8719258823573, 301.7708590599339, 306.5547480825332, 304.4403600281264, 305.8752863934118, 302.94081999803103, 299.9570118954058, 305.9640806824454, 304.6005137882185, 303.8129415147826, 299.321982792524, 301.6646684183644, 303.9412048637145, 