{"best_score": -80.0822949739429, "score_history": [-81.39101095729562, -111.59872233288176, -100.86509736208696, -102.82132451527364, -118.09337213067928, -81.04771843255524, -102.48824745374608, -121.70988277131568, -83.58695794962101, -150.84179951082444, -72.34334354997331, -57.07880395016852, -60.345778335256696, -63.99165095600115, -120.85476137377958, -100.5638318255879, -123.20845233173357, -63.65253594462653, -103.89065064178655, -64.9163150501686, -56.06178780746845, -58.13932610827371, -107.35674824907525, -95.81281133841568, -131.26230710651308, -130.28477778271912, -118.8436895645801, -119.66325782875315, -113.29053758182718, -102.7039074344535, -99.05775768072562, -96.27658938234734, -98.40305706389466, -108.71593848282518, -98.74987678497169, -98.88109578271707, -74.36961838753734, -66.31685590983999, -64.31930623623596, -100.77329432799915, -100.71072189286988, -131.21782464886317, -132.64466818266052, -73.09775541050334, -64.50492556646826, -65.92312631518497, -65.34134913723985, -72.23341106988202, -120.5861767407294, -124.58131874115702, -124.79776525077844, -146.14585612578134, -130.5149031466578, -96.30736468101037, -137.59976597521796, -129.12063754525104, -142.45754353736928, -98.09704059549452, -144.65591727090919, -73.46773273724203, -61.0488163823094, -62.29455643400402, -63.54735146831528, -108.0819385276946, -68.94217756770473, -65.37997547251246, -65.42015067505088, -63.45486417880834, -62.22694638593803, -61.44557835822432, -65.47699867080624, -67.0402712107361, -64.98160352436891, -68.45272754818507, -61.74342659077976, -62.868028654545185, -62.706395447210774, -60.35605719270493, -60.86018446544611, -64.01601353670593, -62.26757815192644, -65.79579341042417, -60.84295039614699, -62.153223816946266, -62.60576352787079, -62.671670704098354, -63.54309165714944, -63.1475900108027, -58.122921515077365, -58.663885221593425, -64.07209200710152, -59.15506679494411, -62.77403415381396, -59.258524371611756, -60.3365323107947, -61.89922953265766, -62.40573060896196, -58.896997449059405, -66.06401507578937, -60.25058051426177, -62.16198574823361, -61.08084797297094, -63.460466039381785, -60.818892062082554, -61.459731376206605, -61.258540107837376, -57.98308706736891, -64.08752530525845, -59.67767318363605, -63.68166576014812, -55.78497069513086, -62.44653621366022, -63.04553122758293, -64.64840895120444, -61.08913380041177, -61.31686897933321], "length_history": [1600, 60, 94, 87, 137, 1600, 60, 79, 1600, 404, 1600, 1600, 1600, 1600, 55, 57, 124, 1600, 59, 1600, 1600, 1600, 1600, 1600, 225, 134, 121, 182, 84, 89, 115, 93, 85, 140, 113, 136, 1600, 1600, 1600, 90, 69, 147, 131, 1600, 1600, 1600, 1600, 1600, 102, 187, 138, 515, 222, 75, 279, 316, 469, 67, 257, 1600, 1600, 1600, 1600, 108, 1600, 1600, 1600, 1600, 1600, 1600, 1600, 1600, 1600, 1600, 1600, 1600, 1600, 1600, 1600, 1600, 1600, 1600, 1600, 1600, 1600, 1600, 1600, 1600, 1600, 1600, 1600, 1600, 1600, 1600, 1600, 1600, 1600, 1600, 1600, 1600, 1600, 1600, 1600, 1600, 1600, 1600, 1600, 1600, 1600, 1600, 1600, 1600, 1600, 1600, 1600, 1600], "timesteps_history": [1600, 1660, 1754, 1841, 1978, 3578, 3638, 3717, 5317, 5721, 7321, 8921, 10521, 12121, 12176, 12233, 12357, 13957, 14016, 15616, 17216, 18816, 20416, 22016, 22241, 22375, 22496, 22678, 22762, 22851, 22966, 23059, 23144, 23284, 23397, 23533, 25133, 26733, 28333, 28423, 28492, 28639, 28770, 30370, 31970, 33570, 35170, 36770, 36872, 37059, 37197, 37712, 37934, 38009, 38288, 38604, 39073, 39140, 39397, 40997, 42597, 44197, 45797, 45905, 47505, 49105, 50705, 52305, 53905, 55505, 57105, 58705, 60305, 61905, 63505, 65105, 66705, 68305, 69905, 71505, 73105, 74705, 76305, 77905, 79505, 81105, 82705, 84305, 85905, 87505, 89105, 90705, 92305, 93905, 95505, 97105, 98705, 100305, 101905, 103505, 105105, 106705, 108305, 109905, 111505, 113105, 114705, 116305, 117905, 119505, 121105, 122705, 124305, 125905, 127505, 129105]}