{"best_score": 235.53240596698421, "score_history": [-319.1838723027813, -74.93978641895578, -124.85263793635225, -172.4145220638318, -150.52497855685328, -60.73903633666686, -228.18101419860284, -137.60596165688503, -56.61262519606564, -100.37582847335673, -50.665155191644125, -147.92289576496694, -321.9272357121138, -327.4025341943712, -237.30437434703003, -129.76124460938934, -257.67002761990227, -76.88896193588631, -285.3092470469868, -230.86668968413426, -316.07896157615414, -142.6115431935907, -471.6606763712459, -345.3740301716403, -178.34414358311278, -48.65518535784874, -556.2011494262347, 22.66646981839084, -567.679698452174, -448.601684248646, -280.493378538321, -159.31301198518364, 188.4533809903739, 8.283907409243639, -287.2674830847851, -105.26963856149467, -359.6903077557079, -194.58749757915052, -257.23131408963076, -196.69943545890396, -132.8384424770707, -3.2823706355099866, -7.183764263215523, 80.79441231397702, 109.55174146488562, 53.10135799711072, 86.49060262209002, 40.88049483113626, 242.09838039484123, 230.88426380037575, 127.44457907523791, 152.84076470890568, 262.00425938871297, 35.6236043854401, 29.280212542605256, -49.792448791661656, -33.24180689631851, -61.396779922069854, -19.60019420433467, -44.8260414959714, -8.880276467712491, -50.50911668565549, 44.79086426375994, -44.80813787973094, -80.11217405331479, -28.21734744120367, -41.68666505063861, -81.6985979197211, -12.14795255897829, -104.07792117700619, -77.27713974434525, -95.3317808160637, 221.5720636664116, -144.59191577301536, -96.5106911562123, -25.493831391643752, -147.58137207561208, -190.80810544820693, -54.672871283533105, -29.182754214085563, -60.326621038272144, -67.33600427141576, 2.7178278751273837, -32.99830121197208, -95.06851672092756, -81.91898608943816, -68.324609114042, -110.47562119854244, -40.09494025877221, -142.383480829317, -75.67803570942596, -112.7436343429647, -53.45769732946953, -51.57925986858197, -42.64184252659165, -47.3902237421768, -56.386969218699214, -61.20672576036278, 22.00481792591468, 5.528366688443839, -44.07262074059944, -17.46841057667916, 33.02005118717773, -29.950845623069966, -26.5464920681122, -24.473469183009513, -38.35990691007842, 10.125829022235564, -56.70017160371247, -4.578640582777297, 53.18949972609295, -204.6195752852627, 12.879202314314284, 30.04357587019362, 222.59348275967488, 49.05379538726942, -133.05047568357864, -229.40599106062635, 142.52783569730283, -88.25621628493947, -481.38488393923996, -44.25135755452247, 15.049746645512498, -37.4703531991844, 30.80351033087392, 87.33846863257513, 35.4108056578627, 34.025680425276065, 81.07596784285079, -65.91271875507209, 5.48877516813873, -77.15713219026895, -74.80716399200136, -91.49428088311498, -81.64425583763756, -124.85278629640999, -130.00387787316384, 150.1692446724553, 36.77498252981519, -156.95140770793012, 167.45350863353283, -72.80120135271699, 59.40746899101242, 221.32618953966045, 225.83356407742838, 32.37964136006812, 32.54187282471628, 168.67494665563805, 66.13893776943691, 158.76151473403, 0.27245154436539565, 184.8849805609866, 163.60952017203135, 184.7210451265122, -46.77729289206214, -116.18164062889507, 116.59714289274928, 219.89089597188922, 81.26432945123781, 226.33037588289199, 129.27922478548936, 125.03910774234646, 201.26547223693865, 213.18682791409816, 226.03226863602566, 27.232989758175478, 229.21567006605585, 204.43238887905784, 215.7611909250233, 122.85415581377107, -14.671896125391214, 96.70836353458239, 257.1435168873745, 252.61361421897283, 232.78323576603947, 261.65124502588253, 237.06397772248326, 241.0411551958847, 242.62670890597303, 212.6310568763829, 255.77272412014457, 241.77445276095335, 208.22092940657708, 253.79461347170673, -227.28374677314406, 248.75235423373448, 225.1774185109365, 228.2596918594534, 259.30647581285155, 103.62359782913995, 161.38965609932728, 3.605141862605791, 137.45612763361174, 111.10687005535684, -167.52571156287019, 260.6429939599244, 237.22989622008274, 242.37034844376544, 260.0403693745275, 203.58911207542886, 252.1686102071867, 57.34732525641008, 259.1957812136284, 220.33611453596274, 275.3120793520869, 230.68555932933955, 218.63475107385935, -146.45361380591888, 264.2772525729356, 270.07654447540835, 239.42808615591477, 266.2176738896881, 282.8047141360078, 308.90305968888623, 249.732600394017, 234.30273764724882, 277.6907015623972, 235.38537315734743, 264.7866693702108, 242.88435296615467, 256.6144941643257, 278.47226917939344, 234.61356787215558, 274.21454193384255, 64.9099804452774, 128.28498269115383, 139.451531729836, 255.5238984017918, 227.80878891085496, 14.395270254382126, 253.2603819165682, 139.78090467335244, 217.6349117963514, 240.65438364783023, 66.07690861044682, 252.2258127685168, 247.78673503540026, 118.44345977774528, 258.60985950905524, 301.84848060832564, -19.49699402314431, 274.6355040827674, -120.89512705019521, 256.3775220457326, -149.30376462619537, 290.4363782785156, 231.2651331997589, 268.6823823376825, 222.62677081570044, 70.74328126174413, 274.8635158486467, 283.5892893750591, -23.815275728839204, 253.47927132976227, 246.30771808818335, 309.65439466642476, 302.1472649800636, 212.52385397007959, 295.974717868772, 207.39968800796683, 249.33686277624884, 149.89662597983252, 242.19934046547036, 283.59240841140377, 299.92528198051747, 257.96338072909987, 233.80115219882197, 232.76643073195854, 275.20461148275547, 279.0542994830148, 297.1789502249362, 5.754599540443294, -37.78403413177202, -14.71272995573436, 309.0372689927866, 292.5344268818202, 277.35366471349346, 284.91669230702047, 229.56814082773354, 236.3098778289023, 5.838041030972984, 258.73593172282744, 291.2694163686789, 276.32338136895817, 288.00797121870755, 223.49111517474182, 177.63838170553993, 240.7723711612834, 261.51544783064213, -4.556375370418875, 242.487535405879, 270.9331008119153, 114.93843047666607, -61.45229543851177, -225.6930401655516, 300.8814937209656, 257.07502602597503, -31.000771860700226, 242.3089804682619, 255.3788337655351, 245.2750618559952, 276.4842312738498, 297.1424786444046, 269.8195801446717, 269.4873086452523, 111.48000294707428, -7.338773832800172, 233.94399449139414, 26.774702586367198, 268.7548675667775, 99.06759536756826, 279.1492120280492, -20.218697077011246, 243.96927523110622, 296.78181305381395, 257.2157240218005, 108.60615304269069, 283.1183725345602, 246.9119846141263, 261.1604929133318, 7.084963858235659, 247.76408316454905, 211.27705660932736, 237.6417818577126, 8.459987963562313, 250.00398568340324, 232.9435845897004, 232.82048552439187, 273.3903205711037, 269.1377826145179, 261.4865885451939, 246.63922502284726, 17.154295214251754, 229.13994876240542, 277.10003459628774, 269.6305741313785, 52.401023003077796, 295.02933846772635, 246.18331021445985, 165.52973705986466, 56.57343530186359, 300.61137358392716, 133.678152595092, 296.5905682216131, 242.14535513418951, 242.66250707365913, 293.90583413519244, 264.3795438766107, 133.72240386282687, 285.4669986837731, 243.7897966272812, 298.55518317898367, 245.9759328655775, 280.1680970818185, 242.70815510070034, 35.78842822417221, 175.98335159978555, 10.993433868621816, 258.03062202072147, 286.4909648772596, 285.18018730476047, 263.32816142846104, 307.4743067498705, 269.4311478627557, 283.6269674368566, -33.040895916870596, -116.65840805248605, 94.83766428423198, 61.66155890300255, 227.87591115581785, 275.66104824439344, 71.44954073893922, 326.6838944321785, 71.69482176598326, 245.05234602225931, 209.39307867291365, 124.85676969291298, 277.2682781149524, 267.93625605413956, 133.584783986173, 132.02097732582334, 66.1157944172535, 275.2247150116733, 254.01075266538646, 281.3422083040773, 298.6001316152424, 288.1367176102794, 277.95855924158377, 120.93718619746285, 251.98796283041585, 287.9093367274463, 296.69080042928533, 270.4143491585154, 280.3897030176412, 293.41374415199255, 282.5386182055173, 282.3713982954205, 73.59245552652739, 215.1427933569345, 244.19567781807254, 108.0961119539067, 273.20738302192416, 