{"best_score": -73.66767554164109, "score_history": [-98.92916970417664, -75.98799553454006, -116.77370157461272, -113.65376763685482, -110.4761498726538, -90.96127776070213, -112.2315709550896, -85.24224686214023, -106.3067166654151, -109.04976767152206, -105.12467484293816, -107.5225949417285, -108.44288709295199, -121.55344700740426, -108.2494861228584, -116.75585738887266, -109.3103285436683, -80.90283764660477, -99.17390162926415, -95.83754301410355, -81.84721616720738, -80.50446963008112, -74.09106828770973, -79.41812611956686, -88.0081890161407, -111.45042310491266, -104.16800230397159, -106.89071680487382, -106.30311862296548, -111.22231562408557, -102.01089981904563, -101.12538944688191, -80.20880532457682, -102.67035256478206, -112.67781543101185, -167.20882501837528, -193.17685475951654, -98.13922474226503, -119.13379277456629, -76.62808808618226, -146.88984233066472, -107.14002710051089, -105.04591192786302, -74.62007877938515, -104.59769553194195, -85.78856965814748, -77.6603476879351, -76.77844172386949, -88.13998370415312, -80.18998062740054, -76.62450801933684, -83.07164301626489, -92.30250383323008, -82.22933784121612, -128.28068869138042, -85.49715197400405, -76.37280383884308, -90.62600819371643, -85.96142489419789, -79.54706604021811, -87.96451470479418, -87.80918248878584, -78.85953573147238, -79.09227357896556, -81.47412541551269, -84.9294047257624, -78.83418144104719, -80.21028741497224, -78.48883996211674, -89.70385549367909, -81.3322471758834, -80.84268378560539, -82.52365138076317, -78.04006916723426, -79.21337193356008, -83.75304073996799, -80.31712582710458, -74.02446331274075, -79.84838396145712, -77.31779388127416, -76.21719319146146, -79.13682295487412, -76.81193016922036, -82.97625808558341, -77.86076060119797, -81.3119730047053, -81.84370493756911, -73.3918472343328, -74.90876797522462, -77.05672998102966, -79.80028484383153, -80.21694491901619, -82.36571612331247, -78.02219274702242, -78.9262246915106, -69.16517482299676, -81.48849474640942, -78.66006028344945, -75.93980527115541, -78.2529016424153, -72.07980479551865, -73.73105367054582, -73.42699313419986, -76.23933545165151, -73.57659237815626, -81.20737038594444, -86.32121280876679, -80.93360632837775, -72.3736236105518, -79.36213697364134, -79.49768525833075, -82.82072819707038, -80.50765425344852, -78.92690147664008, -74.19589272755671, -78.7916425115277, -80.02950328289181, -77.51776899681019, -78.39135850343862, -79.09381402011549, -86.04246477943224, -99.45859886887196, -81.62570481030747, -76.00536236721898, -79.13882811343343, -77.67057850312712, -77.47992072602351, -116.77998358414446, -100.19054216544454, -83.59158193303513, -76.52907422351191, -74.61456246068276, -81.00652940229702, -78.84697624744092, -82.19661504154465, -119.04403424408318, -71.53817447709721, -87.38196619485124, -118.71352692784865, -93.19093531858645, -77.27924729597946, -82.91446117731465, -104.11444695568395, -79.96487550765201, -80.05865729236135, -73.3354757796588, -90.32228806623972, -108.29591539347916, -79.49291354910156, -78.12547824040507, -83.34334007649491, -80.79059082937229, -83.14494592907099, -76.97127321072635, -79.36562330577787, -79.98899006649164, -83.22048312335318, -124.99567035906111, -80.05081067428327, -81.03341662817424, -81.38101676804762, -83.6085949216494, -84.80700743039843, -78.32757131629992, -81.37740319438531, -83.81168272061768, -81.65746193541911, -78.50694366103107, -77.08830150078667, -80.08675827340853, -78.23509206136423, -78.68435321955475, -79.13590871191508, -81.75078398794123, -76.08784046205074, -77.14000031819859, -79.34733605535224, -75.01677399573049, -71.22008784353443, -77.26967310021485, -78.96419717359875, -71.87852222264532, -77.65850185502919, -78.58968364146764, -77.41106262863461, -72.17741733089639, -74.68052510289627, -73.06563090199252, -72.31996449183056, -72.9762916495418, -71.80760313150154, -105.52412325159382, -77.87892003239455, -69.21111448018164, -68.24253822101839, -75.78661306611329, -71.09566649288293, -71.54109739380444, -73.00929247673332, -73.42906107177367, -73.23462175241416, -73.79169391815809, -68.22204763846584, -75.8141044043355, -73.43656685133378, -67.19415010032645, -72.13770533309025, -64.85534002194686, -71.41253272929282, -73.50995120453709, -71.41346692319796, -70.30286278264013, -73.61931665920977, -74.76923987162075, -74.91655762395789, -69.38356471652219, -74.45506413355638, -70.81689697244465, -68.07810071701371, -70.44148721997828, -72.07195552379653, -73.21228063674586, -68.944617021509, -86.72580116503698, -69.97937546241661, -75.30766694262626, -70.83820400987189, -68.71409862112542, -66.48261634753935, -68.04264267620292, -67.7802249077687, -68.19577694370598, -72.29504883680106, -54.674361986736436, -74.26184322996009, -67.97180792532806, -73.35058106699259, -75.3361805425046, -74.85132187188317, -76.74960076551903, -67.93719457295943, -69.90104662386234, -110.10243253300402, -75.81679924662866, -68.91193010586936, -75.51485699119618, -76.6261053682228, -72.69901266878138, -68.09253648553553, -74.60204148187768, -69.00195585941375, -63.760605761171114, -65.43019400967387, -64.42176351891894, -68.18699075411143, -72.47153801894025, -77.53306169200165, -74.86232168891644, -73.67700854825829, -73.6265312873418, -72.1147574809421, -77.14335021501333, -69.73378207790162, -79.50217352558543, -75.80537783720149, -100.29033990715754, -72.95080795046721, -73.49986132249981, -77.97717645418491, -78.95387412373138, -76.73162361637364, -79.24813049195298, -78.52082562399353, -78.47805531701688, -77.2564855599126, -76.90064272470664, -70.1387231046584, -79.22841235257216, -75.2423762974971, -76.56830965016503, -81.60921122883906, -79.85077277400968, -74.61753481375334, -72.12987356685524, -77.46771053759512, -75.52116941563696, -77.78877149682705, -78.29536146349749, -74.9226491620773, -79.12727804349323, -76.25773275417208, -83.2637839549926, -84.81574669713726, -79.52526001519877, -73.17289501297041, -79.52956805776228, -72.92714016925692, -79.64962618008892, -73.38062821773774, -76.46834325025401, -77.50883239950346, -73.69113068349903, -72.97780712124266, -69.8736378452437, -70.69127478467901, -73.355428416759, -75.57976239922968, -75.01269874316168, -73.1492750578305, -78.62697173360567, -80.94962456438955, -72.631780556243, -74.24208033760004, -74.52787239884802, -78.73379141223167, -64.53215599155342, -68.14469236789431, -77.8803358723548, -71.78722069040693, -76.61424388948912, -70.18903944580136, -78.38470709399989, -76.26189681775075, -77.28723093997844, -80.45301602215595, -77.79181423234466, -71.41687732661418, -68.34078876301182, -74.84034208145214, -74.11211719181911, -69.72628111789226, -70.54627614847573, -69.75044542375763, -63.065383721624904, -72.7957112895608, -73.37640414203963, -73.01262227898093, -76.35746486076133, -77.70525573511071, -78.29158321283924, -75.36943116953864, -74.02775109559174, -72.21451488959636, -74.99979682099033, -75.87178044070835, -76.19073109888855, -76.98454451062874, -105.54045561878476, -75.42822879499863, -76.71443902946646, -73.7984278169181, -69.39807157363744, -74.84404075736002, -76.85975357547629],