{"best_score": 230.20609550653407, "score_history": [-204.273214310071, -192.87060171598307, -389.15950074963433, -507.6473326668475, -140.97687154773524, -357.68683317151, -86.64491255982858, -14.248773850407332, -244.5558134104161, -110.83518016918912, -133.34058325432002, -245.39129807433136, -300.4561848032063, -234.22591523781838, -326.2943003919877, -269.3679834522352, -31.74099039283412, -88.16434166221802, -79.25864796258902, -377.65634730577034, -88.01173474186615, -81.88494867360518, -192.26896087134293, -307.05605267397425, -64.35815270025034, -266.4251194252756, -364.9362794370849, -64.28328108883551, -133.06127816181922, -285.51372849015047, -56.48059533050345, -279.0915337737298, -150.57807109010173, -116.55595886089287, -410.9661549158899, -119.36756540524608, -84.68531820610232, -99.62427776259163, -327.5722371131087, -386.21759454378446, -364.6871310103446, -310.7183638593425, -55.316405225299754, -205.16945246594682, -142.93524203431497, -205.64314218048702, -44.33543319720828, -227.3457241048788, -76.92681092046085, -368.5932212079373, -284.3104216859164, -310.1371828224418, -255.49576237526156, -387.27992760239636, -499.9884541984789, -610.4035937480152, -285.68768910009464, -84.49244167260468, -55.855652020213704, -248.94510982384128, -122.1732177442015, -114.01505760905174, 115.92282513247352, -283.5248213774097, -7.060414188294686, 47.641115661865825, 17.913779799996163, -37.48730184879176, 215.3516143885725, 223.33103245731303, 236.25146311444107, 207.36497317219892, 238.26058125232265, 226.9374044393033, 240.37061073885874, -4.301609346884973, -35.302850507679395, 10.067711645930856, 5.1667877280305845, -7.943018798954213, -27.032263809853717, 40.019211019353776, -19.620423698125705, 235.76827982701866, 217.986065338838, 243.449822183533, -65.30691708859715, -76.03514925310097, 119.65560854641575, 19.067843111495932, -49.66981549983486, 202.27566217587508, -54.001180111394916, 209.12758377592473, 197.75614932509131, -45.46603764998342, 114.84418285023801, 137.95001569634258, -122.57182007333894, 107.89840935394633, -186.42194501903674, -147.22393780404823, -115.15554248887413, -19.715950885142277, 106.15374801614223, -88.10810729235085, -89.33624877459721, 121.96730698041254, -123.71919669295269, 268.0167073886868, -28.791712427394856, 146.11180227043556, -135.04026894071785, -63.055200801055896, -152.67682807218975, -46.12216968423248, 210.78369295627058, -128.41878584673975, -83.25518109297414, -62.93452142665524, -154.71758545567135, -45.39685720524212, -60.72698932737174, -61.91983269917587, -4.843174474973765, 105.99890134917386, -19.221834803696453, -10.746914617936227, -40.69693739364993, -5.471669302058245, 156.42297323595676, -27.49062956283298, 3.210552677440063, -71.29209918074153, -41.049078815312924, -37.143567242432894, -52.467022695870746, -37.28032879615387, -48.38709511154344, -33.59294534921132, -9.68920309413025, -18.289423123507007, -7.274324557081798, -21.068718228353305, -84.12970182821275, 26.34108880668431, 204.56299974366775, -74.40400361064712, 228.77513148334606, -4.17960553333026, 239.13017580964768, 8.586251778616571, -12.406221287469052, 13.537250833658362, 23.81485381510292, 15.177128863031697, -32.14925484952467, 47.12715061174717, -2.0948619780550928, -19.097466957016522, -44.849416069152994, -19.062259734160477, -8.69265029444685, -4.119012622529226, -38.53566694918986, -46.9416894163588, -59.17450799429484, -4.976821273105301, 236.16417723292125, 245.6493074543398, -33.46968460253281, 212.10441060131643, 178.10349536974053, -44.17566284303407, 244.00254905382175, 181.1716259398608, 161.70178067559172, 148.17092357396055, 240.90169436564736, 35.96691065636347, -24.873850149776104, -94.47373302155071, 217.43413142740155, -77.58391558041035, 234.47040103802254, 179.23973784572075, 231.04863614227304, 19.35271041329888, 171.02415214389896, 232.39809625390808, 63.274779670383005, 249.18599452199874, 176.7141658930987, 268.41133522618475, 171.69245678203134, 24.569717405098288, 222.3560435952759, 228.89856320009793, 156.99897755521397, 249.36057649356198, 259.4056603565617, 121.0907797036171, 240.60783917925406, -2.4531431578349157, 212.40778348340467, 279.70495418929056, 0.7692525186655104, -11.250808366726247, -34.184168910863946, 230.18882248441727, 214.13034681151453, 228.33354729686158, -160.49459768050457, -29.132458375183333, 240.65384918437047, 203.39539103892704, 14.219083037004594, 168.85218163123488, -184.94654568127274, -42.03664101529642, 229.61591745455775, 219.00407641793478, 202.8528595880248, -159.24010717945816, 211.41890698530364, 199.99235023783604, 193.43276370305512, 160.05968380955835, 214.8494372017572, 224.0026194961614, 179.19310712167436, -71.65514059788794, 231.97641200243402, 169.5519680485575, -61.926099107071884, -42.11568706692613, 241.8066222015047, 207.56152319028016, 205.02526093957061, 229.90805394810604, 151.59726923649984, 219.90994554335185, 266.62330776391036, 126.78181659550668, 223.83838738250236, -52.560410029844114, -32.70142979788635, 89.39154772881253, -233.93537248985248, 142.5437108707195, 220.18326976814987, 178.44391789968998, 213.66613236644275, 262.79370374675716, 249.60045988150483, 25.119463556005694, 190.03330627067936, 237.07385423556457, 166.7191107578097, -65.19375992692831, 193.98527613126916, 220.91554734086992, 257.91842802219793, 191.2117210728696, 286.87701796877127, 246.78192772284078, 198.93715651337797, 207.93414719192316, 206.84255798455428, 235.48123364794012, 247.99295604941526, 138.30385417314028, 219.09795111264103, 196.52484780251524, 199.53529317159803, 24.89528067258992, 243.73645092455564, 101.13955666687896, 252.70151457072265, 230.57197317935132, 267.68772624060983, 249.2643731166332, 234.67975172481778, 167.76513661785208, 226.2137856652148, 220.73851084360666, 263.7380140963545, 224.38609697253213, 164.46169022696773, 240.35153806473423, 251.82013275488646, 242.26328358201195, 247.87368191744616, 249.60680205636228, 173.94923254672747, 213.78606775635953, 215.3478722295368, 241.06137905959076, 229.95722706607015, 246.61006380757217, 255.01031402235887, 172.89761155118038, -219.7942402758369, -607.5286748349116, 236.98853085195483, 242.76991641662292, -179.44344037712762, 122.0328964539877, 222.8316262375244, 243.50523487089322, 224.7287178839275, 229.29591543718587, 253.90319357196805, 232.31906569772977, 254.43233894581348, 254.5591259088281, 204.61473288785993, 172.21080683279212, 212.37861388473885, 135.42439941855523, 172.4826199060882, 101.43795271124297, 167.53357201230642, 100.63037225502288, 213.11384643866745, 84.27415218312733, 206.27816800774178, 19.02268966660376, 195.00249315649444, 202.16624150186257, 244.4880887610021, 238.38092546888535, 196.1587219875593, 269.9465540799605, 236.12520698172705, 247.98970004024213, 266.53974575628854, 230.2834025741731, -61.863143766049134, 94.06615562098416, 250.104740048703, 72.66390176317341, 246.31077850293505, 279.99833211818077, 245.75591637244315, 252.13171211783379, 244.4182642782001, 146.93888846252304, -7.010023335219842, 270.2211430610023, 256.28087194132155, 268.0640526222476, 260.04375169744515, 144.03244306457879, 214.51660950467232, 261.81612755922265, 266.7108004585481, 176.96107238015375, 261.3091799869888, 221.3256740492835, 242.397494293936, -24.24713304769881, 208.3635490419056, 266.1043808185235, 228.7745042841081, 257.19707415328025, 256.4715574548792, 228.0461034915915, 216.09914717182377, 257.8750180000801, -24.484560121922158, 209.50642972715963, 241.31874728405177, 218.6904089946886, -162.67247077758182, 254.8023389941317, 240.33699355208518, 194.04478622328395, 161.80596453414472, 201.0985889157484, 225.25479290212508, 198.27889504374266, 176.70350239966365, 239.68620754927377, 273.245298216581, 218.97278683868, 234.57332679211584, 250.36943406677034, 185.1172521365575, 211.36252396759903, 260.3513122334697, 205.88626711587398, 268.0883821199367, 222.69912960696192, 262.91778254459945, 210.2058551994059, 12.127392283112599, 201.73154203729533,