{"best_score": 104.11393759418588, "score_history": [-455.5164988191381, -62.94912100618784, -33.75583223006143, -204.61422788976847, -280.85503916170353, -69.66788422248302, -251.8605669239033, -403.71466472571717, -135.31294957288782, -189.4128848169322, -125.74993233899474, -345.94768557664224, -202.2006998235442, -150.56244850417335, -327.908807023813, -414.1285027167716, -425.23767993671237, -106.90773598195224, -230.5885068913838, -414.54495525940035, -98.87205976351969, -168.61769167204315, -454.50511991362606, -317.4092747982796, -228.24097440882892, -372.4237879622978, -219.9242304512458, -356.1649792708281, -141.17273682680596, -454.46028220880834, -477.4887225803599, -77.14159061131043, -470.33174669901763, -148.87898488366233, -291.66317023464336, -225.40564190136882, -172.67182634830704, -26.55926605347051, -116.04520317025722, -148.30470026071657, -341.3592765817974, -315.50539155143326, -141.26821197122723, -83.28604087736875, -415.0062256651442, -413.0612536919626, -150.39807237552947, -63.259726885174516, -504.33115392395246, -280.70677768698795, -247.43663449851925, -48.82995449337344, -194.7521188956528, -29.442688158116894, -124.73356903432239, -136.92978264689867, -262.38433290224907, -230.42441866999798, -192.8813356470848, -70.03394203330309, -96.55105671962258, -62.14948096045116, -61.46014244295826, -100.88354326641313, -9.252522341779894, -252.99240098971967, -117.8496023917086, -37.87198059203622, -64.560765299353, -110.08516680902784, -32.15700134076728, -145.8834063251047, -121.9132894519836, -78.52022375361756, -88.29420326503497, -72.6314495146434, -5.337305957762965, -11.366659372039067, -76.07975534885908, -46.97561908383642, -79.68053256060776, -74.95212259181508, -93.0290076813371, -88.39770304263857, -59.4013204326461, -74.90609377191178, -63.222535205989175, -96.91255360002455, -107.9577862818054, -177.7286606043666, -95.94520275001024, -156.87100084084102, -142.88919479885598, -114.39748791294998, -114.21913687829012, -91.03265532167627, -96.49786133383334, -261.71251434544547, -79.21595944737962, -196.37790238825158, -125.10193717826559, -185.681930846211, -94.92995222560775, -117.72981271142231, -59.01583891272751, -72.08416005252313, -82.09856604100221, -71.14554092322439, -86.19522836538604, -132.86413429921188, -277.15166562452504, -287.0305826926174, -88.46706438726052, -155.53798626163928, -117.06377445160174, -81.18880708110804, -95.99765221650856, -264.97720029880844, -30.34513187275067, -128.52128564337679, -51.162529357175664, -23.122811888076612, -152.2113075236682, -115.36386730023682, -129.01229801414752, -181.3715842596689, -77.5757893647951, -58.87341227036801, -37.10007944815595, -15.262398577380887, -59.85900258202315, 69.12198892773576, -55.77339815153618, -176.74274945264713, -68.85821228873506, -40.46340081291582, 7.656946220298677, 68.0369296362027, 23.46265028599288, 162.6541140476333, 9.77335150491033, -67.69631769170806, -78.84027952521879, 10.650711861690425, 293.3433315612466, -127.18542529515577, -524.95087790795, -176.65037787582418, 145.86967338754704, -150.60766538737116, -147.7702305315995, -125.03440456201523, -14.966352453486905, -90.55102449436664, 163.43370918938615, 19.306826840613354, 155.71024452534954, -197.0678777598079, 35.7155994907583, -66.67578678370036, -112.11333121816084, -103.89932033592517, -38.41879522432339, -13.322749844089536, 122.61267300862424, -61.92419215206777, 148.88957005610317, -27.321772511466644, 174.02111967701694, 7.531433308795921, 259.01102586576985, -64.07139405481588, -327.7466982588852, -51.128212716532744, -96.39731300524889, -48.98129652464186, -23.301646537749505, 3.4199434606046992, -15.033595954741315, -22.91630019676235, -153.83555294200974, -89.69266494577573, 25.222466780266487, -24.33716445240445, -51.055877432007854, -10.751453248101555, 0.14696853996733183, -31.91866958958356, 196.6047545940637, -22.71359308838047, -104.4637744092736, -136.17434446288212, -37.526806617720844, -5.2131592171033345, -34.932819491297046, 2.0227345170242375, -173.1634713462121, -17.829992147739883, -29.904783110418666, -19.34729099595138, 104.07198107241253, -38.70519031988392, -18.71871611462376, 72.4147331044515, 175.14870344907018, -34.428329899893775, -97.92525559748634, -37.384339635419295, -47.97015588972756, -320.6907145354236, -13.615316869783811, 35.31526633873865, 198.24253600183977, -251.90069197573078, -82.7836262777204, 186.66998576275995, 14.313850887664593, 218.6357480776069, 148.8564559033441, 20.187426059994543, -182.00132382033962, -70.48827994299204, -77.41566031098345, 196.41824903589801, 215.8114085129729, -16.50508954550128, 2.982292068899219, -35.67283277038571, 28.708499865671968, 114.923159275415, -206.30818703639278, -1.1993651750217396, -57.44412849340824, 6.734480292499555, -25.923334470153065, -39.60046377530981, -215.20229900190037, -60.33263327152427, -55.0447752244998, -88.79700754628173, -37.996964894659165, -160.48372698840961, -27.19579071108175, -316.15658196870254, -86.8611915408654, 17.590657843242536, 258.76873802205614, -15.49857525615353, 23.846197924387806, 25.457710887066906, 180.788491751303, 229.95975076676433, 172.77879758750595, 198.76089770652317, 43.28932608643783, 26.9165721130977, 161.88431996493762, -16.124332568146464, -16.676019116067312, 13.124991435666352, 243.85242285420475, 226.4560777940796, 36.23277680877584, 230.61152507788952, -19.998637862551362, -14.34568308514099, -22.553056832517967, 14.63904676489507, 31.433828438023113, 200.91042832942355, 50.81303162128974, 17.591063372444466, 16.620481343592928, 18.732185524045278, 205.20470631386834, 168.99630825756094, 55.936083187596594, 157.33362268010592, 211.81313031532045, 4.595104869267601, 219.9407821293392, -15.421423364120544, 139.00398928863672, -28.256648203965774, -27.17125758221364, 62.344436538690715, -73.78665997170299, -53.91341980100399, 235.32086328702903, 40.207683432349974, 5.704079700900504, 236.20380996967242, 66.70322084046467, 49.350052856048876, 244.85959508929605, 166.31722118151552, 14.438689639661687, -1025.6222205602526, -46.33174610438318, 249.3133524970602, -50.51188383861276, 158.14932004861342, 68.94850865922494, 31.851426193848425, 130.2537213147588, 247.1537403991137, 275.3029730873945, 41.205068389689366, 205.04055210304583, 95.67226666445764, 79.2452653742749, 79.37708820471342, 36.181848495283596, 233.48300607854617, 250.93446080496489, 223.20700378059487, 282.155845897426, 43.67144603145523, -1.5153714099030826, 240.49807481066264, 49.69720828274427, 70.84634974496399, 59.026088499810534, 64.26091373892207, 255.22610918379794, 51.21551953149165, 15.005117051060905, 226.6231741449492, 90.55484624833726, 25.160988575155088, 239.05550332801647, 204.24218005233448, 91.72982713785841, -52.88682457666799, 247.7028192999046, 248.33969246882444, -3.411570867533713, 3.720308442047667, 261.7140999487376, 168.66351069396194, 162.47130318832257, 259.5850591794234, 250.10442591207055, 204.086503588362, 37.70809361358263, 264.89536915946303, 208.23947301417098, 252.87608470203838, -8.931249114344084, -517.6604634347002, 271.38431249324424, 251.2063058998943, 226.74518965986275, 284.3794473453813, -89.65586124244595, 249.9127461265221, 294.3161250945123, 251.77294117299692, -50.086145981251335, 282.43943503259703, 288.588018209626, -40.20112887932565, -27.133436842828697, 260.6549780558687, 241.75549877873783, -17.588081468526198, 6.874895033168613, 1.6136487686771375, -4.1008303603574205],