{"best_score": 164.7627713588567, "score_history": [-402.945897418375, -313.3295465162022, -383.57687374555456, -359.24025329433204, -414.2390709043657, -339.079921046392, -463.8945009363314, -331.97103594436123, -121.49353253649954, -321.1185792859826, -130.90451238483107, -371.87259078181893, -336.19923661227995, -93.73643845197255, -376.9695288475472, -318.1664376480061, -348.2938999289381, -330.1758609967511, -519.7146899374059, -307.5984077868044, -28.01756361338863, -364.07975604567827, -125.45417123470916, -269.72439580223624, -197.86055477110133, -279.25648327591205, -328.51244389784296, -463.63579489505923, -270.05901346146675, -67.07554404558016, -96.25734186341985, -271.9603981154328, -94.04201473677057, -335.4247559766011, -359.80882618240844, -127.20629277317741, -308.4235584999303, -526.4912979720957, -277.6947516803614, -105.04113035231548, -115.58387198798036, -133.50642408275888, -72.08451818420102, -4.595085038454258, -56.57795081625513, -76.50694961783168, -31.051379920489964, -231.5172882745742, -73.9154740759711, -43.665021309186, -39.84743853822158, -44.76992870443094, -47.856394718443845, -55.38349619466611, -40.9668860024016, -32.653754083033064, -9.55516476457054, -25.579101419432675, -28.339092981542834, -22.16136108265506, -22.891229367031222, -62.159755139280946, -136.53016268436434, -26.557821698691995, -46.07937626672153, -29.746203564324603, -17.291278850454326, 21.933918434768454, -24.436884361112096, 235.700562164823, -35.891558577115916, 201.74173621176877, 225.725022021423, -17.57046597346975, 126.67984189715406, 250.95569073227992, 217.04549034475406, 125.2434767290375, 210.7991981972554, 232.2367331953565, 120.99474651726463, 127.73438020398117, 122.93998861972747, 228.4429892762287, 131.36105643903485, 139.2268721219449, 147.69993567231268, 143.9130814744911, 149.8467693675705, 258.8742536873772, 131.7578476962743, 152.2988332272171, 159.63907474110772, 154.22963831087642, 263.26472620671154, 246.0223952504965, 131.18672309954857, 252.7628053093961, 260.68369927591, 147.00326722395468, 261.71174508666917, 151.8794453216448, 151.17239398713704, 132.27781797603006, 272.04996792011383, 134.12716573061707, 46.789367378545535, 154.56913037806584, 256.0276112837147, 49.75622962264265, 43.0491517234008, 46.09316245514074, 42.1531182005497, 26.4551771708566, 245.29594424727478, 229.13078311760395, 121.98746388320727, 36.43359644597942, 51.28170514915084, 252.40031183186272, -157.88959722980766, -118.34337375436348, -197.12708384027698, -202.5388767920249, -176.87283895730923, -196.8295730381622, -195.5018048593431, -242.22905193261929, -182.33341287396448, -193.53018771065223, -192.0156009009928, -168.747644826397, -159.68348239828322, -144.48082625113358, -78.72035176947945, 203.37667133131515, -370.1605971387356, -158.86620615950295, -185.08370542133636, -10.435039551689897, -15.488182811476932, -19.01329764119474, -23.99773938726763, -19.07405781042057, -35.68084384883994, -54.11307418209771, -106.13277641478314, -160.35730449321636, -196.07773122762882, -105.79012518388684, -181.6673069287836, -226.5676633463923, -158.6951061921277, -214.63643404982486, -325.3309275492674, -212.12867888786246, -302.63683475883454, -246.7478253773461, -134.70439490323378, -180.89175537858185, -148.01236208106027, -195.66454296420739, -203.26914054882656, -196.3115526083856, -229.30085704850902, -197.97528312286937, -200.99375036628078, -221.56485240145096, -215.29172836307913, -215.41082755526162, -150.9177372891498, -180.97231214528705, -158.19714968925086, -178.49237202995832, -171.1869654818034, -159.61306779266246, -168.31670282059923, -158.4625920011214, -186.75930670076997, -154.30778081880914, -174.61381927358667, -173.9752498957202, -170.00470270532367, -155.7671304821033, -159.7679160998856, -160.15605604410297, -152.88769942701774, 145.12737237760953, 246.98581518521712, 147.25180903809925, 132.9212005055127, 126.14977315654578, 233.8375913947552, 127.20465726144128, 124.5491183684259, 116.91556628733521, 231.17235004948637, 116.22260039788812, 115.03666630940987, 119.4447264894964, 130.31120395774542, 130.8164727314545, 149.8597046710373, 250.9083179393002, 129.14050405387897, 257.27566680348065, 121.53396288098664, 129.10735857679308, 130.66128829729007, 132.56846917543174, 148.19269682095734, 137.24896123756133, 129.94428026782003, 132.83303992349704, 132.1236261052642, 135.3778111413711, 132.83600928433708, 254.39610591612137, 128.5071469509812, 146.68952346026666, 138.61736284053814, 146.5113611530867, 128.92044865213416, 130.1281036666085, 130.7669680513945, 144.86816247039602, 144.2090787249752, 131.09586274479543, 148.83217642953812, 132.04115038067027, 150.93397596717304, 136.40603046440478, 152.01112695355215, 137.00801576300063, 146.66779510256268, 258.1501579020204, 136.74206608341183, 149.39943326136108, 145.54631868133097, 140.7426653697072, 144.52832532512252, 147.33736045828155, 137.82017609889868, 147.55877826789305, 143.3492043910487, 132.38236943338654, 142.3278340004452, 258.2424847909035, 147.51317796437405, 259.889444809305, 132.39707080240936, 257.1575900010548, 257.8386369453084, 146.11538172847736, 125.29845343182973, 142.97902278479958, 256.87908767989995, 254.9917627819545, 141.4001068181853, 118.73484532282444, 256.46295537556705, 256.0887693446723, 141.8114783787075, 137.71397907015924, 125.51215611700981, 131.8809578214745, 135.5330545524727, 246.04261714387863, 134.82223815156837, 129.39540259946844, 133.34444913425318, 256.6986717077531, 134.97777752723746, 130.22569071275933, 145.14080726572433, 141.53795627056607, 254.64014444623737, 132.3647527179382, 133.76403386496375, 127.66833456249378, 231.28109101421856, 131.88557774493606, 257.9773789192645, 136.70020567459582, 137.90016360676384, 139.40131820704033, 133.93491458006054, 139.42404648085488, 257.51614661516385, 134.71691164172228, 137.88629752594724, 127.5523759237181, 131.4229893191694, 259.63892948325895, 258.8949532798501, 134.08004725637994, 129.46219647769533, 129.76304389181635, 131.39449008682476, 131.771785660137, 258.016126968422, 257.8188407553628, 147.6901547707492, 118.5714933286759, 126.87695474619068, 142.13596120814873, 137.48253700329727, 138.16687698723638, 247.411301046532, 127.95741379741484, 123.44318076190962, 126.87330598236902, 258.5173556255435, 125.82372366261346, 128.508230329376, 130.2284710434006, 96.6021399699528, 113.98510805659686, 126.7618635204482, 129.29235015142496, 257.14484007536504, 132.48304087422366, 256.9946355903072, 252.65704343306479, 131.8525292361544, 139.16528177938977, 131.74512585369538, 124.56969554403199, 139.28589764115065, 134.0773665345582, 258.49247603598707, 131.5545074763188],