{"best_score": -69.97698914029822, "score_history": [-85.51692979198897, -79.2096631619755, -110.22584280023848, -89.17777104524406, -108.42330013600582, -73.31926257545979, -66.43602859887343, -77.50035489828964, -107.95256473133014, -72.53812750766082, -80.27594390217288, -100.86104679439528, -80.33792306131707, -78.09503003140956, -72.603511380158, -83.17290827747132, -78.04741908016577, -86.06472424049402, -86.07441593348675, -80.12412839713517, -73.0115720220789, -75.92127709865565, -72.56178573876167, -74.50536345623321, -72.72135577270117, -109.156112246907, -77.04160385618313, -72.25440317840886, -121.9414174632877, -119.5610172707277, -150.90162582689095, -130.2410306279805, -127.47568481429667, -107.83517756528873, -108.71342711347279, -110.01859578769901, -109.67979870591174, -113.092734642189, -117.99098968388047, -110.89869598825896, -107.28566998875762, -108.2125963427859, -110.81347768289658, -110.2222023127346, -95.18082163503084, -116.90378930026044, -121.01906621039767, -112.59907841162298, -112.11883891500005, -117.1421864680772, -106.176081658052, -81.4230366493904, -76.0820825969991, -78.24047590095347, -72.20957674996424, -80.26917092307858, -81.82420685217647, -71.37287114907762, -88.76614834138975, -71.00293266555117, -81.93489604081242, -79.037573122106, -80.94653804132061, -82.61343542335162, -70.91772373336165, -73.75228003133282, -79.88879484690524, -77.88891116473295, -78.53024268180145, -76.60041602353161, -79.53839210377282, -76.60218386660209, -73.67625031702512, -72.13990225793785, -76.4562118298981, -73.1811949779073, -74.21940849428675, -69.69179711225621, -67.34778881646349, -75.81948346370575, -70.21618866245282, -70.31100829610628, -72.96253895224301, -73.29508019079354, -66.18226941293321, -73.5234772868, -69.67646765190854, -75.83716610366346, -75.95544808538321, -66.15481957783749, -65.26271447922758, -66.80227382062762, -72.50580275197663, -62.40851872875874, -66.4467924295222, -64.47767337737028, -70.88872901201965, -71.52852789565469, -65.5278900353537, -67.57484110394677, -70.0307574502629, -63.89507326034713, -72.21758032557602, -67.469299181373, -71.33394548938017, -70.8260102697578, -68.34520459324841, -71.5054183101504, -73.36374981213905, -64.6452815322216, -69.84221908551737, -71.84476887443444, -68.95179432452763, -72.94478559708804, -71.74611047239421, -69.41434902808294, -63.99127998885008, -76.07774792820626, -68.8906785926331, -126.37284187789987, -71.17374222013338, -69.95030310456268, -65.59189415499621, -71.32035211538746, -69.35901843494094, -70.15614828249373, -70.6280472491542, -75.01604671164112, -73.40524752690976, -74.68550570586943, -70.59346390424852, -67.21115004916736, -70.74304599602478, -68.29915279367746, -72.38608414051298, -72.10504456066181, -74.41740952148106, -68.23700599047832, -67.5403298931525, -71.16218767205098, -68.13884840069595, -64.98682853467575, -71.62398465291791, -70.20226021106348, -70.38293996751882, -71.08623524841781, -62.75398462561587, -65.40880736538557, -68.70135266359668, -72.7118776508194, -66.31438855441587, -63.041815164880234, -68.48440843961612, -68.21577961800152, -77.13005820174833, -70.91881415314766, -70.9250825592874, -71.28723240203722, -76.94429637393843, -71.35426803640644, -76.19557655602489, -80.02553552434794, -61.336588055608225, -70.00622252727757, -67.84662800173705, -68.63072762512648, -68.84585662224015, -66.65754248465875, -68.77820417224856, -67.7285429703216, -68.3422694005064, -68.73669326322575, -67.0537701668847, -67.67415897932875, -64.86178870754914, -70.46076902507113, -67.97915282534737, -71.92429985132264, -66.2816015440158, -63.01950657043018, -70.03302964746709, -69.71011261813497, -72.60647545064846, -73.44934100610274, -65.46257900901398, -66.48600229407143, -65.52013002600913, -73.1430090532807, -71.02087799370359, -74.97047603940032, -76.431134808193, -70.4647256408648, -72.6794991846302, -69.41940272567936, -113.99949768162193, -74.86792544326363, -69.46282580390117, -76.8045837856477, -74.29296641039164, -76.6858934120528, -76.09439679650225, -76.70052886621924, -82.52110058827073, -77.09082339307173, -66.65794598106444, -79.39658565556095, -73.80369628943482, -76.46626678743861, -71.85071748275949, -70.12117536112225, -73.17960587448019, -77.16200810491402, -74.64114529835858, -72.88433318148623, -73.77606586068944, -69.47210749504778, -71.8080914158834, -67.94980378993138, -68.20905878318189, -121.401195153522, -126.18009163195558, -120.01332777596141, -70.64797530779329, -109.94200384498015, -65.75436453304702, -67.44682498341817, -123.14317565328597, -75.64171425633688, -74.95291624658707, -71.3941158682747, -75.69550741824096, -69.7998132318254, -75.6130784706078, -75.86502381958206, -70.18224939801163, -70.0666880040338, -72.5999634513326, -69.99806881474358, -74.1437247342677, -70.56853287353186, -72.13982236533467, -72.15830619341513, -70.48604336857665, -70.54895001099487, -72.83707031926636, -71.97164616116784, -72.40064515495168, -73.13394766127698, -71.47990030337716, -73.23122538188437, -73.70539389418585, -72.60881079287921, -76.0192704069874, -72.2506814765855, -72.62630693400602, -70.97589349922437, -69.4197657614251, -70.38175768474376, -74.00679892090113, -69.50809614190628, -69.09686003656098, -72.17210733689133, -69.09320249732309, -66.63996928609073, -69.421559047443, -69.10074558480676, -69.96193134803433, -71.92511318285725, -68.89785654056377, -72.8673411424358, -71.18903430925818, -71.86034145219779, -75.1837694192217, -66.18814577844086, -75.46699969891388, -70.99537955566907, -70.9286312814054, -75.9436111025717, -73.74116925967292, -69.95516344402816, -75.24502478814546, -72.18700978228263, -77.20379831732534, -72.02181029715108, -75.34987021638797, -70.31356351872839, -67.29383685469237, -77.53725673836315, -74.56376015212757, -70.74663621052147, -75.68836150902594, -78.00847311670722, -76.82947479874709, -73.73475223439979, -72.39644838228656, -70.61909809477876, -69.34156509490731, -75.04929155623365, -72.83303734116838, -73.30431079556725, -76.04395153494028, -70.8872281467083, -73.76459823598701, -67.71768752074411, -71.31926147434551, -65.82648226748385, -74.27066726892839, -76.25431981925534, -71.18884132856286, -128.55748494984016, -70.00611695583964, -75.08297475469996, -78.37073028797857, -75.84902426806852, -85.92351903268091, -71.13974096250323, -76.66585403522002, -74.58221992797712, -76.23257259638618, -77.81621586972003, -74.15264080340108, -69.6333579690648, -73.03509245221314, -75.03231649522625, -78.17179845576582, -74.8120666865454, -73.83630271151736, -79.5665570720784, -131.76552104264746, -82.17938099944867, -76.41540616022013, -81.68138116447759, -74.39097105292781, -78.5472093303266, -83.10230947970253, -77.46221500837775, -76.25955040564818, -77.35865302584456, -84.69863732048195, -77.01684254940771, -80.2619381281136, -79.51187946262499, -77.82882616237265, -71.83303147088701, -73.11367239908235, -76.30816486890573, -74.09317281921291],