{"best_score": -68.53211387330956, "score_history": [-99.33769659253544, -81.34290406856496, -100.89807066601577, -98.73676961513422, -115.49422939053298, -114.48928156948648, -102.66984987441862, -103.16510873772793, -78.4948092860091, -86.66218408701224, -99.01127038709245, -116.33488570930064, -117.62780190416969, -98.67608866699413, -107.65213776666035, -110.5509576378418, -80.40884478494726, -121.61725981024473, -89.33793470383553, -102.47695160999086, -100.95057251778307, -103.9036436670969, -110.05643859024407, -101.98499678907109, -102.58798232141665, -101.75515521340631, -102.9247285656184, -100.45142223689605, -105.42687235066978, -103.6191633498688, -122.31512945424052, -103.94848215156203, -107.22476944161711, -107.17646666747021, -109.34541676914381, -108.63864103492784, -105.7564285539221, -106.94004105254263, -105.682929212487, -104.71670247137298, -98.94617530253716, -101.59072106129699, -100.51884667955215, -101.88038131647991, -104.3511059667648, -103.93775941954615, -103.14411186011881, -103.7612230800415, -103.77075529841815, -103.83017460353999, -103.72035465839008, -104.0052969792684, -104.91992156989437, -103.72955588396064, -104.3587972743089, -100.91524336879017, -102.87691694567259, -105.66515434595695, -114.59452661408484, -112.20990043328229, -99.67905930935187, -124.2874181796439, -133.21066907615625, -62.63072168436408, -89.29155453170698, -74.71466264201432, -77.57146099285274, -83.35530536677119, -74.10356542265062, -68.58410441299077, -82.92347710825449, -68.23326063747231, -75.68040152049804, -73.07737471706889, -68.88296201109713, -75.92096734114793, -82.67330698530436, -68.94549284362313, -68.75926562622753, -74.65940150652654, -71.91188563937615, -66.62799526836169, -75.56891014517963, -71.19165224393167, -72.63118196598509, -70.80159434985369, -71.50111656741872, -76.9249266420481, -76.33646173018812, -73.43748281106593, -75.04055719169938, -74.02331655239523, -72.11542773523678, -77.28833392604817, -67.41970081032632, -70.06067631266927, -78.70072540182446, -78.78604967956288, -75.7262934805463, -80.48519706344042, -76.95020168436042, -79.02277492293297, -78.17535036347502, -77.72117674406329, -80.89916567489111, -78.53134154850686, -73.76756593540263, -78.694456282978, -76.27779490080755, -77.01891975323645, -71.9268062119766, -73.27753908191198, -71.45546017459728, -79.86106046628842, -69.1494339303045, -80.30569520106499, -78.88351391008912, -75.24699772833675, -79.51458912722524, -70.90684623883728, -72.12704199497766, -72.07806816628978, -77.3205414980069, -73.00872853812943, -77.51172882813646, -77.94035353079288, -71.30022495815626, -69.21795272819519, -73.18585067094155, -73.39529470921512, -81.23456029496023, -73.22783064990038, -76.69103212360889, -74.90788497863441, -68.89939319559792, -75.19872315963275, -81.09666486173703, -67.18203469848046, -70.80654939705654, -79.03228566706817, -72.583418599555, -73.71431870501034, -78.00708504824354, -74.13940074934477, -74.10819787433178, -73.07055270168942, -70.36545073228969, -78.81276696700223, -68.94423488724482, -68.10030965564053, -74.57139793958679, -75.83859827968521, -73.9766885300296, -97.40383624308619, -106.67464170235395, -75.42787827314602, -70.73308931562615, -67.95593528792698, -79.03168872762546, -71.68907797675854, -77.67026340207828, -73.81217981577538, -71.87709872282626, -75.35087885081201, -69.76390928578513, -72.72335724409908, -78.32022228037494, -74.33996743285415, -74.6287801675994, -71.05293006379604, -73.41098646933074, -74.4456282786974, -73.4104169063005, -69.57173115586119, -72.49634535569288, -75.19511158296388, -73.03344250598519, -72.17068808254054, -73.57576538649997, -70.6990026136138, -61.12428379618323, -78.61507825732794, -76.41311140661759, -72.916856403925, -68.270297103924, -70.25981238356603, -68.88142138402891, -68.28531282982907, -67.47301216704116, -70.49551113570823, -66.73190920239756, -67.95762041729655, -65.5090990174528, -69.38389772631011, -71.4133756085981, -73.04654618000735, -65.09295229993891, -66.88595653790944, -70.26480470504431, -74.54036382859847, -66.87076630078047, -63.458236650328345, -65.74741679059345, -67.82721933335422, -66.46967584677445, -70.71659312033056, -70.14704536901256, -64.52020863812243, -69.74302256543415, -67.17614391464186, -70.7942465634781, -68.83815804493197, -63.767468196303874, -69.83925684653471, -70.31257225869078, -69.60762829104246, -66.3872147163225, -69.23412930524445, -68.21201805106865, -63.81372583661851, -70.61841353247051, -66.98377696277888, -69.93882620123914, -71.35955447456774, -65.39212741486786, -61.81372177493237, -68.56635963830597, -65.84875871504734, -69.33620983185975, -65.58331017403044, -63.02339928737182, -69.92434566675516, -69.45972642302962, -68.7415102081884, -69.33551265752794, -65.83248180389553, -68.19619266268548, -63.921075068164, -68.2046985898764, -70.01361669959164, -71.46194716699831, -64.87766542861675, -66.86404698553046, -67.92231028945902, -69.41784967861376, -72.94571236398565, -67.28196801414943, -69.39316936052599, -70.54529245820564, -67.38211837334681, -69.23845352683801, -68.67841438081773, -72.69535723553744, -67.67923475877805, -70.39054061831906, -71.35757765468635, -71.70583874158241, -65.90254708827412, -64.13718101396425, -71.2672906095709, -65.96522314733743, -74.34037732421618, -70.99051976837706, -65.80559811064124, -71.16320051327773, -66.43578455310397, -71.80204622177415, -71.70749448483858, -69.41386440886912, -71.12893797048596, -65.87561936667223, -72.07440622887323, -70.21074497125413, -70.81823616054253, -67.9634751946532, -68.6466011296419, -67.45461622309861, -72.33216205327804, -69.05325741602695, -68.04876749029758, -70.55463405979371, -66.72120862318711, -70.05364828297625, -67.21986224763259, -70.05972571771505, -70.79102965303733, -70.7006871077372, -69.4026972141385, -67.11151570836715, -71.30439438284662, -63.587670584506505, -66.67891914420183, -65.47095747343694, -73.15614338457966, -67.81638408325689, -67.84601938019638, -73.90425147730338, -70.25251218847932, -71.62708331222753, -72.47368972790835, -67.9588779495129, -68.5048351984379, -64.4720323026395, -65.87827612024869, -71.35097177013063, -69.46002858894087, -73.58546308884554, -70.66343901280382, -63.6824138050201, -63.66172572254934, -64.01368290862017, -69.78637626530946, -74.33410323749816, -71.8110932365109, -69.74483717481242, -71.51675304516087, -72.7734162339133, -65.24525887990855, -68.00918389089102, -68.72657824478188, -67.56678049755884, -71.06666173159653, -64.13474986110171, -69.29989868611061, -70.69452679356006, -71.61755666430199, -71.47891031299996, -70.72397598760615, -69.38576227811923, -65.8680245034562, -64.79786602646799, -73.04672760703576, -68.27077791806697, -69.71060666360314, -68.1613641273278, -71.06190839334849, -67.15954689603156, -72.37343861940566, -69.32368412553942, -67.47410362943913, -71.57565715329098, -69.53770528032292, -74.0343745304281, -67.65328046963096, -68.96034646967281, -69.40814250540257, -67.27365090168004, -68.88033808339958, -69.97872462522643, -72.86853000524957, -69.63607996206983, -71.34993851644012, -69.74808698023465, -72.13927328059563, -69.32475055812029, -69.39573603307369, -69.99345913896757, -72.41214443747064, -63.261131548521, -71.25507069881165, -71.78986113193795, -69.84522781974206, -69.53789701119665, -70.89873401728681, -71.17366466143775, -71.79598208029017, -68.5585319771302, -75.0484353083882, -69.06162628952134],