{"best_score": -71.95775718954586, "score_history": [-92.17717599578793, -102.84442259917098, -85.10297893940725, -99.79980890082815, -117.21996367198807, -80.61341441154212, -112.36337345204751, -123.6415732643331, -81.89501217751307, -99.7616480504324, -99.04965378178078, -119.32941857390246, -102.28731956326465, -99.47503138761549, -99.33543095211203, -101.19153047243381, -116.45369249521568, -99.6827383248213, -113.07090864173634, -102.99206227613861, -109.18451919191578, -103.23350800078735, -84.19751190625662, -88.89373160986857, -85.00668099718196, -116.0865551045273, -122.02895897772024, -119.37336505466288, -141.89275351898058, -78.73325950426343, -111.39783460329753, -82.61972381025944, -82.31216993762601, -84.78159039429319, -122.23569991531005, -95.15217056118605, -76.09298193999102, -90.95613962068707, -79.23375585856611, -82.54314767292917, -84.31082496441414, -77.11611903914606, -82.24034873699844, -81.64269296449402, -111.01987666049972, -103.0284236257393, -90.29761129856328, -86.4406573306527, -88.47388367052386, -80.97687915953053, -82.415709340981, -78.5419996256919, -82.6791953971889, -80.5181838636949, -75.46081269052605, -78.58511706282812, -79.38283791927911, -78.24221798984327, -80.75145319371322, -79.88750920764952, -79.3522453289044, -83.77205373645069, -76.56642950052108, -76.17084703462356, -79.83169253048986, -77.41368968080566, -81.30862828685183, -86.54326443147019, -81.48377163857906, -82.0238184108039, -86.23688694870245, -78.0002477765352, -85.17533679639477, -83.33849616155413, -80.5625395297828, -83.57239823067098, -81.56415357951498, -78.57864734502253, -81.53663749899601, -79.19109330653697, -82.30388735675831, -75.21254544645166, -79.35238283202338, -81.78599197223089, -80.4370612529414, -86.79030153146233, -86.23674455395954, -81.5947435443671, -79.74982810707962, -87.68156967037001, -82.14790834597407, -78.97799735602307, -85.92706524270213, -84.98731553929882, -83.25097169011725, -80.15354783057703, -84.40617868631807, -82.19129545243493, -77.3586160341504, -84.68181090988466, -84.18935154613501, -78.12222850812971, -81.82967810981194, -81.94489421292003, -84.82680283400852, -78.53159347663778, -78.91359116475938, -82.03557061673146, -75.47942569715433, -82.03802304508437, -83.72112628426453, -83.56931923748563, -80.03669407170396, -81.73816924983377, -79.9221209744474, -84.41313358921016, -88.99094375913002, -78.14894709463164, -83.9267244291851, -86.24562857652792, -80.62285314772406, -84.78981845130707, -85.41484998214904, -79.98052906051795, -84.25500689989386, -83.28291321973742, -79.97034066288819, -78.19406756803137, -81.49708726558589, -81.76771398482234, -78.68262069826092, -75.42865620571365, -79.8730241488127, -75.15616400717047, -74.45028040966035, -80.14501579840079, -75.71260309232551, -81.04339066131425, -75.62951024374654, -80.65661377865585, -77.7362055866358, -77.48149420257816, -77.7606994204628, -72.17825155655554, -81.72409894805901, -81.29937600499233, -80.74594748054452, -82.31950749630079, -74.73677850958336, -73.43482402638844, -79.15891710097027, -83.35048545652005, -74.024382772483, -76.88353806051308, -80.11509443987629, -73.87981952959994, -78.41827820611219, -81.55977679096644, -74.53071785441897, -82.72996133123414, -78.1938507855216, -78.44554525452584, -79.09865282688236, -78.3546225266112, -84.42303324739026, -78.91427518375019, -80.76014512625603, -79.253901085842, -77.53990310101752, -80.00751137553019, -77.02478181884241, -79.2898430575108, -83.43806663322772, -83.17446468580438, -83.49600676345607, -80.81250104994737, -82.63283624717563, -82.40708058942806, -89.94459776152111, -80.58418324800431, -77.99741357484424, -83.20898217250375, -83.63656380924812, -81.55757897729289, -81.25878953686949, -82.3636300291492, -114.68547009933926, -83.46643864761052, -79.53034045258852, -82.72984253971799, -84.81836808096035, -82.56986101950731, -82.25816181837095, -83.57087052437696, -78.80987052137391, -78.26173142261352, -74.9253506262107, -74.67866835118524, -82.8785939156258, -78.47889818114173, -76.18318437793206, -82.35577404781793, -78.09335701891187, -74.42739225893592, -80.8120895681778, -73.04140489751234, -74.54664386461624, -74.66087598259934, -70.9182783238628, -78.4767822780758, -79.19258765203571, -77.33098025590695, -77.98284871685213, -80.96416559967169, -74.9292168376484, -74.12992323357761, -72.64851520459065, -70.4637106193187, -72.05137729303928, -73.29008425285772, -71.31476187502729, -71.25630990126731, -72.15418713919264, -76.74028509720038, -65.21649867337263, -77.54256818431483, -72.2817929882247, -75.95691993963536, -75.64153500901963, -67.75308339960887, -66.81438376892257, -66.27508035608437, -66.86397807844291, -72.640523850134, -70.94066320357354, -70.11826763333517, -72.08488812129596, -67.5913578353821, -66.22105596918342, -69.66953471740713, -68.97578309645307, -71.45954216993682, -71.21240908609097, -74.47339984880755, -71.38164784591302, -73.01012680978778, -67.8158822985483, -75.79246767445738, -78.06975931822997, -71.47626224564496, -73.65790043080567, -72.96101872388552, -75.0625668600122, -77.63795720665895, -71.76031322385509, -68.16492429984417, -80.1593426393355, -76.88491785772793, -71.75094688806836, -72.7143905356894, -76.36083737150462, -68.632988536717, -72.31649469456026, -75.59060517853617, -73.29025781990205, -78.75492619673891, -74.63455497276145, -68.48332752278272, -74.54375680651762, -74.20260529668094, -74.32131213343594, -76.00061745560632, -68.63146673160834, -70.18609789280806, -73.95688993981481, -68.80655692684554, -74.45673310766591, -73.30171104343935, -77.63362419047046, -73.29509745471823, -75.2651947945612, -76.4032124356247, -65.79205065564966, -67.98166125520245, -73.77306408288293, -114.84302736602848, -71.71024967187294, -71.37728618864554, -67.65028877342496, -71.77324642597193, -67.58789364053258, -73.4128795001841, -73.08692767746655, -74.1848112629163, -73.68214300320832, -72.41890265786134, -73.56158474243601, -68.47238066842372, -73.98303655742623, -65.82239562940221, -72.0367866077067, -67.28995581557378, -70.64463396376114, -66.14173196580744, -69.06536345405551, -65.70985154218454, -66.86022991358077, -74.93021019597596, -74.32148282361254, -66.8642994956267, -71.93174060221934, -67.50347307478218, -66.55585907060681, -68.72897325799107, -69.06743129052785, -65.5364643420483, -70.52170592641613, -70.4706474946115, -68.32541147714623, -73.59465428464473, -71.27437699292763, -70.61776517021475, -69.29886279032954, -70.26741835170755, -71.21868148338214, -73.99979125694323, -71.83200190110446, -74.72120191080113, -77.22077641709706, -76.43540548627297, -75.24410331660751, -72.96930618154556, -76.08916279002018, -72.26266315109675, -69.71082571942493, -116.5276156160043, -78.5960626675687, -71.65851485013208, -73.26217083120898, -79.13045213248381, -69.80463721552708],