{"best_score": 231.02586726223464, "score_history": [-259.8748407189996, -455.4814669983643, -474.52217901856017, -92.16631540913016, -561.9251408982816, -328.0604199424945, -393.61406579272455, -554.5158211146811, -219.48026513975634, -76.95010680953274, -455.7812490722348, -517.6574053705313, -111.2510288851858, -170.02050788821577, -71.57567173231524, -122.81470455327147, -344.82833485672813, -228.09720266937381, -585.8936157751779, -523.5155801489361, -63.6190721260954, -566.5313652260585, -297.8700186496078, -165.57719203303813, -344.2061957864868, -237.65074490768706, -260.11970790092124, -344.0813322371923, -211.99747434627938, -357.9868893307656, -82.77605033108023, -293.89772196828005, -401.7027276275743, -360.20080022261106, -202.41536682130723, -161.5771400153223, -276.1778679525796, -231.3931137305459, -228.65950974900622, -172.18555514749093, -144.95104790020255, -178.42942135511498, -186.93140305311948, -124.54151926208463, -67.88154074998911, -77.57673701555129, -243.399456865998, -29.857067156346545, -19.7914814252499, -17.63088424584147, -54.464895743304865, -25.162906551682042, 23.31657379641335, 23.395478080352888, -74.24418000117234, 0.10381153297117862, -56.645897233077015, -498.0481826933761, 145.98645552099552, 155.8305063611, 159.41406761618043, 153.0890153495819, 140.40089384529176, -83.14115003649353, -240.21394791161887, -217.13920065202166, -427.20888346878706, -54.719210548026574, -31.84616702772628, -23.539893697017956, -27.07659500354865, 4.912221619171657, -9.256815013624333, -29.855541283304873, -47.03599279979318, -32.7630231184487, -17.164061182135278, -98.48480565046066, -48.531574978450294, -52.37448313948103, -283.39345990275285, -38.05592191231129, -34.36613254607261, 0.7060981532323349, -97.62188414667465, -17.928361310409773, -89.52642376816577, 173.18418973355006, 172.39381528381585, -8.268246301357308, -23.608613907397242, -44.90632774560732, -34.029168980791354, -31.5779766053124, -26.530106412310673, 194.94100240483, -43.901334874537845, -20.677466999948038, 181.5178420194703, 191.89047194154355, -42.00195299080394, 192.0738388734, -68.51429871568669, 163.8828638743786, 169.81978089046902, 145.99819604498458, -77.26655953342423, -84.46817346681928, -71.74128698519444, -57.84020995918131, -69.53053817065063, -49.20131008152331, 183.34534221832646, 173.8449380080496, -77.29359604319255, -70.46433338693674, -82.52861389424477, -75.52689716692277, -85.0873625039338, -62.42519295812394, 212.38424063387797, -67.83092050669987, 190.3359273628363, -74.82885151111765, 160.88474893078404, -75.08900074090857, -66.10476663469115, -77.0616908352194, -75.59145726846837, 196.36721134568344, -70.09631149508566, -66.43374188170911, -105.25369124286841, -82.00464960344648, -71.92379750925365, -90.42557919265826, -78.86103490096187, -83.40793945269003, 151.62699105732136, -84.71397163538741, -71.29578536314554, -69.01780573257096, 139.24102449355433, -83.67707125821128, 152.7349852716443, 149.55793104148535, -60.94809643803428, 175.80871755378766, 169.22374105521908, 143.81829911971414, 148.4664791345879, 155.45495119149848, 145.79470767104837, 143.7158315349352, 167.44882930473807, 150.83593337761323, 155.5579072116735, 155.61892264912, 144.99183551874796, 178.13512327279096, 179.20232583934688, 173.53608740433276, 168.0789201831627, 178.39119107338735, 172.73695201176264, -64.08376567945365, 172.7460206104338, 166.7050174317596, 164.95881574218345, -75.65436522713468, 173.36309225105705, -61.485250472404246, -65.97315410530021, 173.00639972194867, 187.7369855799531, 155.5700142587324, 211.4878945720593, -10.040993131054748, -18.35747784232329, -67.58715661081908, -63.77959478045838, -88.5193555906811, -93.82411635259511, -68.69841493831058, -18.018196874406783, -5.176297587035265, -32.12954587973634, 156.15477777882626, -44.38723124673911, -97.62909247065014, -73.18464396621167, -97.78953334542659, 149.13928704541692, 125.3730397997416, 126.58263642272347, 114.85669351412778, 99.56771901493603, 96.6723133091926, 115.3773186594625, -85.57827690738692, -80.27243223853148, -72.13102126022056, 52.438366686158545, -60.38208998818245, -68.7028988113941, 86.10133657536173, 68.03234382704142, -72.75105651800193, -77.50323004830231, -78.00791874987355, -70.60428966298586, 102.89917573683259, 91.45758306761874, 117.1349639059078, -83.24214568101355, 130.81351293126144, 90.40800885669023, 115.4144474604239, 76.2400324046455, 114.99487467411241, 73.68963702203335, -70.58689781806474, 87.06309692696544, 86.4199960507783, 73.9834756296474, 85.05028636334387, 69.8155024940459, 69.7856210902159, -173.82814348838053, 70.46485978090521, -61.2883543762267, -151.97321916435638, 96.57447497192018, -59.48223201470878, 87.3710024057812, 100.19940374764525, 59.95808006711609, -40.23655303368196, -101.10961387867812, 82.74650018007424, 87.8545183353458, 39.39148709310093, 75.53419612986801, 93.32866982570388, -59.974508956267606, -52.8250746616063, -63.52931139125069, -54.57731873657802, -93.57044556496925, 99.23777588004857, -148.52059234444624, 74.01661787617053, 151.42753978427794, 140.475023369352, 148.92946693930108, 168.17112430268315, 157.30675577722937, 174.715660610993, 164.50110167756202, 140.11244627198496, 159.13035681401126, 168.455934998332, 174.6440641200291, 173.96302840606123, 174.6060050901776, 175.37806935624639, 161.83139253635443, 169.13982468190892, 156.35091788589887, 171.57991064011605, -67.43748974232726, 168.09632882106484, 3.1016387825927723, -68.6323965337002, -57.5107022449139, 185.59378877768148, -50.094815697259236, 123.78560713890884, 132.82336999574397, 102.16848828493315, 122.62834763904637, 148.694627591173, 158.1894950015442, 150.90410878050753, 155.2056287055524, 152.7157640550173, 153.10748392286558, 146.75528585471886, 151.40953511808428, 147.43370304294493, 160.29165453268524, 152.78409726761552, 140.4574960148934, 154.44266294394407, 162.64892456516944, 156.7677806120252, 158.25403670417927, 154.73228806181748, 159.0996272251253, 153.9539432587457, 155.79893810645217, 160.04782161173023, 156.92764447955545, 153.71191283540196, 164.08965881622305, 163.0032009027287, 165.18485439274195, 169.11787084613246, 171.49450869373536, 205.93160701986707, 157.92552288551036, 214.8792930239004, 143.51317976518, 158.02766649791167, 153.40488911532796, 207.21741283126158, 217.05177038795307, 209.46461919527005, 198.3853024603732, 162.97259504848407, 152.98063812855494, 142.60674781677056, 208.72634506656817, -42.151853022674864, 147.89863754718243, 221.19727049856488, 164.90685946626957, 166.47446556211364, 167.08906222024385, -38.24591124601274, 192.84994447330294, 204.73139546715464, 231.26810129732834, 209.0093618615349, 228.05825564560388, 226.33002561457937, -47.19055640070557, -42.26604321925005, -8.890826772044292, -44.97635240364432, 208.15892246310426, 212.0937920541769, 92.59976999107408, 226.9538072618904, 227.7173360397397, 219.5198442239971, 227.9846242056088, 218.49987726120693, 234.48475304616795, 248.38127595338764, 248.4457996253093, 237.2605060838153, 198.25884851789874, 222.0997883014395, 210.19611219538967, 202.1739760782492, 210.28141853938297, 197.932194402484, 206.7896995516681, 244.15204118384244, 242.14204678283932, 241.0181515984042, 241.9764006750718, 243.70029420892538, 234.70863837275152, 243.3690843383723, 224.7066720875773, 240.52877063552825, 238.28419279137097, 240.79130267570142, 246.68702039136656, 247.45331704002297, 231.33704988877818, 246.04311839744875, 226.7962328268736, 250.28360202610202, 250.64028583981926, 251.58934381421105, 251.87133062790693, 247.16397347495013, 250.8723912909554, 252.06690004296235, 251.06153895968868, 253.78810664357917, 254.6674481620847, 248.56243914798694, 250.5453777612937, 254.15685249492935, 253.68423721036714, 254.23379327786415, 253.45678725852105, 250.88672170472466, 248.17742902979052, 253.92251547830853, 253.37049145024696, 255.79713990378883, 258.02961448102036, 255.36843903727444, 255.70205577992627, 253.04352625103502, 255.71566260963124, 