{"best_score": 223.01020903107107, "score_history": [-308.7066347928526, -106.3770193302657, -98.68919560927216, -128.86818303189432, -328.1752302931922, -309.9758218666026, -76.71740855596403, -316.00726230375756, -230.91258421740218, -35.62347822736723, -329.45240257342795, -419.0661105524724, -172.89267923975916, -198.5920803150338, -157.91317457137828, -374.62836080814253, -303.60440919208463, -146.70091717977147, -191.26992083962747, -336.54003289047637, -105.49087756032428, -378.7048062871016, -157.88120073639465, -217.92162208414942, -416.9287794676705, -401.51122222310005, -209.6980676653269, -265.08879518925755, -117.4930799828466, -209.36491977009848, -429.98143352726146, -90.40806716915412, -106.95432968299498, -306.21555520456354, -295.82149812629075, -87.54471372594134, -273.8832779205803, -140.12793633588433, -38.25928633664639, -105.60657325530201, -377.74134103347814, -411.9514984393667, -302.24714521852405, -428.39607526014424, -221.86548784635448, -241.73399217039793, -123.9225461820711, -219.7064486276219, -201.31098615091543, -362.5795514909017, -180.98525495101984, -327.0898283888096, -375.3876707380986, -222.19613185889193, -48.07277059128407, -139.32554908404705, -188.6548475815019, -193.83908012845936, -197.04892866123953, -161.19612740054228, -450.132983306773, -491.676086878139, -9.087347016629472, -283.9341277801233, -176.23490738701932, -265.446587730126, -15.707140231255869, -212.91090221637023, -261.6515829914134, -313.1900343361499, -493.7000512241759, -274.32628110950867, -13.449798077359903, -185.03338469655313, -165.31083447548625, -80.17257576093414, -71.18879965862205, -12.615470536568893, -71.51105913718781, -58.026210321340876, -37.74049311963673, -63.33140331868909, -104.02778491674158, 3.290338822050401, -57.78751143062022, -191.06616732209818, -49.30472038388553, -19.802738908227667, -74.75381978781128, -27.44230034730765, -78.82286095605392, -26.58301596385768, -2.444545966581455, -241.74608119308218, -7.7617450296221175, -36.776318159994624, -52.31095400770625, -60.5487637684078, -39.50596389369281, -16.174103082559615, -19.90080560732901, -24.39970227662372, -11.818310947509955, -17.046496941691785, 18.38905701116233, 14.091811791424188, -31.36746683362641, -22.555831753738683, 4.712249811404327, 0.2624767875590221, 6.242986481392068, -14.240219546940377, -31.365693561146447, -35.05903569196483, 11.573181492730415, 16.188148421124417, -56.9017903818807, -25.10212197920446, -29.41207240860268, -50.31231068342787, -43.774569442846754, -25.924400490881798, -106.47789810749326, -19.598083203640655, -8.501416170090833, -69.48511641514533, -95.35216905974954, -22.65937848506382, -28.757106827602033, -249.87682708860422, -10.330809561651389, -31.46345363533566, -4.503734914312055, -0.42357143723293433, -12.194754128348283, 224.2304584271206, -26.571243981482382, -10.45042488584278, -27.66203615002454, -18.38161062673007, -35.80405372379097, -44.54058562620055, -11.032755829451105, -45.9965438438951, -29.93873875095656, 9.823153056636956, -55.10328782214477, -43.34769605464387, -37.941423792182206, -63.60277647111609, -114.12604504080392, 7.8090695981665466, -59.052677951709704, -10.97516184116773, -0.021522493243697705, -35.121037485097524, -21.192545290198936, -20.529792726323222, -54.15671458881871, -20.42021579070548, -17.153115891774274, -64.66653206932392, 11.782327758627396, -121.70143009244606, -57.44886622135357, -34.927485260769885, 10.089054970456996, -53.188371347675954, -3.001696507367516, -51.28362690288894, -29.791976989229116, -321.62119270349945, 2.738363692066684, -236.98430715331824, -20.296763915855646, -7.8462776137426875, 12.919402117917459, -47.82487993934882, -37.029780005438866, -34.58719572628677, -26.590747884746026, 68.11736158343547, 4.83369897725829, -6.4149645000536655, -66.48381826123381, 10.26096141458248, -2.472194929387337, -31.369007998296045, -11.55290767006076, -10.870270426999365, -121.35384648001128, -41.71432207606471, -38.07209154658437, 66.22430925431392, 117.14230438899509, -56.87975280558261, -34.55192791969337, 0.3845448316987037, -30.58201021059037, -27.748396691127752, -45.34890696105852, -7.993586540253571, -26.617969447087418, -37.08331629595813, 5.199211658475567, -57.88193815220264, 2.788839757154392, -10.577107896290869, 9.624708285655924, -68.01223870925834, -45.364033288946175, -51.16552031600173, 42.5639608510032, -49.701400738334385, 15.951410993226403, 113.59881741616718, -34.28319633582623, 214.52477139851732, 238.73120497101505, -23.125005403493713, -29.502707045178408, 271.33663257394136, -42.2438458192436, -42.28821316235945, 268.99691548747114, 147.7917110919987, 268.38060372410484, 269.86172936084967, 249.140735359813, -33.638442709326405, 150.88381341495457, 207.52401240703156, 251.51550536445205, 274.58400443616074, 167.14730027205962, 272.4801678902986, 263.0282906832231, 279.97386750471463, 280.13803702537865, 272.55055370969546, 249.2558404074665, 270.46465175477033, 217.06766140921826, 51.66997983601303, 257.746295197407, -136.3368428570226, -65.62974791652024, -74.17816073175892, -22.056920549796587, 284.4584267824436, 234.6034569342211, 245.7555529248764, 245.03200477477645, 247.68502995686856, 268.52069639804336, 24.078086388085097, 265.3938535876874, 270.58580402101256, 244.38509256364557, 28.73578803274154, 240.87114040350934, 268.9329928022365, 255.48514414327556, 262.8690697307984, -24.6138373339896, -31.462450670970917, 278.00382951380493, 221.48564442033853, 231.14163457966873, 246.0471661784426, 207.85940836925272, 236.96358203501273, 206.9650381215382, -18.94667004118442, 182.68406179004964, 239.00022689366236, 240.97529365831892, 266.7998134443474, 14.191912794869808, 248.98860052760884, 245.46707774348988, 270.1329534702394, 299.2794958536554, 263.68665072943395, 234.44562206822164, 23.702517857090328, 249.10020988240183, 277.66774904594445, 275.8671558140111, 246.79878933213567, 270.49675677565494, 235.94026495342467, 249.2277719360796, 268.4265175833163, 275.67674995008866, 268.51906958076324, 237.93786823169188, 246.35761953805914, 273.53071586013334, 1.1461446267776267, 260.00825067373586, -6.309005016070699, 274.18117801083565, 297.7137719427633, 275.15029173095354, 274.40439588604215, 282.6946225703665, 291.44761701439427, 247.7380679778126, 275.38285816873963, 243.04441425710505, 175.2612384796326, 274.25422155004776, 25.69384816054348, 289.63466665778026, 277.78611807130955, 266.87357615897986, 38.581030338843505, 24.261588818862094, 19.16310246743714, 12.146583613562697, 236.64520906812464, 253.77791901655655, 299.74291821748363, 269.94887037000046, 11.469366947573448, 264.2945603997995, -3.192504890763132, 244.83158666347032, 240.29456996782778, 248.55027987687006, 262.34440483616197, 207.84456153786732, 240.82224062722713, 6.047539102868257, 283.93693891317776, 284.9144947654411, 11.429393454773091, 8.721510311876685, 272.84203707944835, 245.85863670102174, 267.1244639789919, 255.14481062606166, 236.54737759830203, 274.8577505734038, -0.5939853225502958, 278.1531444087896, 38.186556163818864, 281.1344211573234, 250.0120757507915, 259.71457979219383, 255.08573411122788, 262.32493876425184, 262.1180266224169, 281.36523714087923, 258.02668300889275, 246.24154437337262, 288.9401508794217, 276.04744625272446, 227.0975906439036, 266.66798736537964, 274.5273316312897, 263.0999225239311, 246.94277709806542, 251.41331753982212, 246.43421568132672, 239.82415907820607, 270.3459965527337, 262.4868429264516, 242.5003195509875, 235.12320211644848, 281.2123102486012, 257.8057497226064, 258.18833466934746, 251.77133346209007, 196.89491379875923, 34.28289694561229, 266.48042711237497, 273.5173782378538, 273.8961576277693, 276.96958625572097, 244.473258588875, 287.02975454043417, 122.25722857756476, 289.1743145992744, 260.7053652488235, 291.63713115397843, 245.4134921266055, 240.67650218753687],