{"best_score": 299.23886028286364, "score_history": [-84.74916969666872, -124.17195707802784, -102.59819923618373, -111.53505727442788, -99.35162455640013, -84.3368602935992, -97.55948272620421, -89.69091063143183, -118.15110971929629, -90.47127066146908, -64.87377266003051, -102.21729300712111, -104.66119397186301, -101.55256445861298, -95.64508004901025, -106.366476586941, -99.59436817392397, -98.68734945134462, -99.18263737609493, -101.1061855691901, -100.84513061300292, -129.10048228043294, -99.12347515455136, -119.79777764570143, -100.06530905456593, -100.38778074888451, -127.30354804303437, -103.86056619701223, -126.57303776978776, -74.35524603507545, -107.95608078186834, -104.54484421364745, -80.51582545276557, -105.65652794145544, -105.21808766933376, -103.66482153323292, -96.56156159052004, -77.5887192728007, -101.82659967379396, -75.8855934273027, -70.95268952609875, -136.6709440903569, -46.68653655052108, -59.66140189786923, -44.82711809198391, -48.37226134372654, -47.12701207545424, -48.315184776495016, -54.96954257168651, -50.80603374390281, -54.90587704019663, -43.107645923668855, -48.219855736675136, -61.90805710645153, -66.42245468109977, -65.12656147219852, -68.94698960581526, -49.46822061176029, -40.4082581625145, -43.165373878203134, -100.0839347094316, -61.60210675682577, -101.07666564242231, -107.81742117178331, -46.89156910812321, -96.61537050075954, -44.40096462444578, -34.37655243894255, -39.677336056483, -49.05000306575767, -45.258727527768336, -45.0349396690861, -45.15475824913237, -45.8405380602166, -41.262950960122524, -36.447274734789346, -39.09796977151188, -27.394028400616044, -30.272947936131605, -34.33435640827386, -28.13944600187032, -38.267277749201114, -39.112997300542624, -48.44595483546198, -40.89971585403983, -39.66331868148754, -100.95727887428613, -36.456114000184755, -27.43832849715764, -34.16397676351123, -33.42263690465728, -33.76846417095799, -38.758665976315484, -42.68276164115094, -35.636638744483626, -34.59999966464156, -42.71599934013898, -23.21792781499064, -28.452337397653295, -26.84223751449414, -30.055210177793032, -19.802340158208512, -15.582000437446105, -18.51217548358959, -21.78753928297799, -126.53309323118037, -4.297668411709096, -9.274751234243853, -4.85873192549783, -3.3025348916318746, 4.622612367938189, 2.7785383178042724, 10.909591286530597, 23.604240783824615, 4.3988926595158055, -119.33043675550633, 20.69165035274378, 12.251559325219407, 15.96082747119497, 39.83408276008505, 42.538829081617465, 67.32015173997208, 54.121608205729764, 60.44248907551382, 72.36158863003617, 66.3293552152591, 58.74169773577716, 80.84632721670098, 91.31474542569902, -114.15209701016359, 90.2043849494752, -110.897562377713, 81.57292247147316, -124.59593873623164, 96.27502562168848, 104.50356759245051, -62.131127526683365, 113.72758740697363, 97.32102565382647, 107.86272685759292, 102.43931388266473, 124.91063146778721, 105.79708369083956, 126.50763378940434, 150.76900241832413, 147.6107071036693, -67.57150940405438, -105.34913658131784, 141.29058762227075, -16.48353447904067, 136.06390979279738, 147.89438445238827, 184.46065868833557, 152.49310418656174, 172.57182513117215, 194.73614094829986, 186.0660553277285, -117.36267546507469, -127.84780994274716, -117.96042729303178, -112.77592534473476, -97.14980790768399, -28.4931749000189, 185.09389420798868, 181.7006472431018, 147.6835108406202, 174.43553054464053, 185.0139708415134, -123.75872016986523, -125.58745512871079, -118.59842337444363, -94.47023256201933, -109.5343299739408, -188.22093802881517, -184.97932996391972, -127.13475637522633, -120.11733084859411, -154.8958052500991, -120.59703880951477, -93.7972144652099, -93.86026605983504, -95.29355060813151, -87.18014228306306, -49.84665411100879, -86.97409460108827, -111.47269109135928, -106.56768717572962, -111.82865694876016, 230.89392529352926, 254.2069642673601, 231.41477766730688, 209.31410879020837, 209.72869413631315, 214.1844526579719, 201.48559207560666, 198.09352619322055, 214.38527961530374, 217.34789054040647, 191.3056688591477, 230.21897332218012, 191.66165109121246, 19.301318997386815, 221.3050461899598, 213.29231312610676, 243.68873922257083, 254.26568371706182, 253.51750623630713, -101.71189000669153, -97.75255472261397, 43.1082412255804, 261.2906721132962, 236.91612540946707, 264.6826600968212, 245.06566342846125, 263.2353176845352, 270.63526565563143, 272.5796673239567, 267.38931345396156, 274.7806051459692, 47.95790792009865, 267.8883132980537, 272.23153435474876, 270.44756818693037, -62.60928801791373, 272.88190582340485, 270.6947039513303, 273.6006590772848, 268.67368428316416, 269.92612095941666, 272.18509333931974, 275.6424347661734, 272.2670699561151, 275.1017333953839, 282.78114939676817, 56.1931113434396, 141.16771255567818, 282.457553941497, 278.881195134105, 279.47723719877325, 280.71061632157597, 275.1644406691534, 281.95281566119496, 280.5635932039511, 275.63561060291187, 282.46680523911925, 278.1850141836943, 285.67910945824474, 285.11064322474675, 285.05831331746043, 286.53718151469394, 286.6533573361971, 288.191199737126, 286.29319793627417, 285.77706249679767, 287.42534492083814, 289.3003205763333, 288.2338021658254, 288.2402113748703, 291.34771111698666, 289.37521788463937, 292.4317302432426, 286.40217163335024, 288.503422659242, 290.3662788006299, 291.96396845136155, 289.5267618965984, 283.2252221303244, 285.6770011449269, 288.73800630330277, 74.36026965905069, 285.8898218961564, 294.56254286196975, 58.51276370909588, 293.701313672909, 292.9431134505816, 292.11288162553274, 294.6134186984528, 295.1880164585741, 294.4291634849887, 292.13769247871846, 186.5170459735682, 296.35123583810685, 295.6611413683404, 295.2744029035649, -102.70583154372063, -105.10173421596487, -103.3027865572623, -104.34072764099575, -104.00217097977983, 287.79762222189964, -121.22858038640209, -115.11430683593755, -138.19416846799737, -131.7810911137145, -127.26551017346017, -83.04800593187417, 292.38800276960836, 297.5288848384293, 295.39997860730085, 296.2505681494459, 294.3622169378024, 296.2943450028155, 297.3176402130203, 298.89707072003654, 298.9876888063163, 296.05986514581156, 298.8785900152717, 300.38119576716434, 298.17571734638597, 299.7615027231717, 297.39114795308035, 302.9413456477202, 299.00955728400606, -92.89294730495025, 186.9177388363613, 297.4601987695997, 299.825786646093, 298.2782229674831, 299.6505162658173, 300.43482656393917, 298.0240206966717, 296.53429783480914, 300.6458873806716, 299.5128848088611, 300.1425619925991, 299.151215271734, 301.9904847171426, 301.3706757258597, 302.3347264063524, 301.5839630407988, 302.2912152412196, 88.93651986404225, 303.6875816066831, 302.04856848455296, 301.86189148624743, 301.2035059844194, 302.17130321771435, 304.3561441914332, 70.97464046806877, 301.7960887965864, 300.8805842544624, 300.7175773960112, 304.10467801247336, 300.8846113918676, 303.38170806465047, 302.80458099318986, 303.4818853519612, 301.8784705731991, 301.03035220308743, 302.8330623837584, 304.81708567381077, 301.8417648881822, 304.5214071963819, 300.35538511434714, 303.52022798730496, 77.79366200400185, 302.19162622452217, 302.98077281606356, 302.3390560591416, 301.80289274906295, 291.4949915173524, 301.6950452192275, 301.71412174822194, 300.4192996714329, 304.1791247315266, 303.5350967897069, 305.6991560341263, 302.3071645926225, 305.47052406098186, 303.2761060390514, 304.8839762738767, 305.025343666198, 305.1117501358374, 302.80286755093556, 305.62562256234713, 302.7698053241789, 303.6570438535958, 303.95015142134775, 304.2141303186183, 303.618201504165, 301.04976299485, 305.50293445442003, 304.58426511809324, 306.3997170232389, 306.0845281197591, 299.9639203984453, 304.81522312680056, 305.0243424223896, 307.02334190435613, 306.9455824961048, 306.2729561466191, 305.77305121022897, 305.43145968441115, 306.9728139484408, 305.1189157434696, 305.6970071815901, 306.59258296282474, 304.8976298551365, 304.5844304579033, 306.35542601039384, 305.44606010477037, 