{"best_score": 30.16285154194294, "score_history": [-107.5801382288287, -123.0041417559023, -81.6480963173169, -109.68599889165536, -88.17670639853199, -123.53794899935151, -102.39398903930064, -99.41298611711001, -101.08433648069797, -81.90428080457276, -108.72221429890084, -103.38920522123948, -69.75622166611794, -114.61578926788064, -80.23047361175911, -104.35185815549518, -103.7052623757037, -98.71586988069707, -99.32756518361593, -100.21144303386161, -99.03697882060334, -100.80296492410102, -100.40688443801304, -171.45351626174414, -120.5951808925718, -115.77356675398102, -132.95640089496067, -111.0869548182947, -98.49615038194554, -100.35511060866993, -91.61925037746333, -139.74602235012162, -142.42584707307194, -144.716315240241, -89.94075925555276, -115.78689646165756, -114.7164223537116, -108.56724780551592, -111.20239497976316, -116.58534717782842, -122.77074369043174, -141.51737816164672, -112.88703838958398, -84.42162033638269, -75.38178198608735, -66.72686007989974, -48.43188233460661, -71.14781140594891, -72.27129731841053, -62.15307630246085, -64.50248656054856, -57.572885845505304, -68.580594433134, -64.04470247430568, -58.45537029521165, -62.062891419235456, -66.94191446528413, -57.98140061563432, -104.53218102763019, -106.09192179896247, -101.41047226993328, -102.43326503620669, -95.79981182042229, -59.30837515805015, -56.65232068559534, -65.76299857299138, -63.07073960021806, -63.560265628532285, -63.01283021732134, -64.52287443915971, -58.01724027436861, -61.63200416606798, -61.04869671268191, -61.595615618003215, -62.660620633383424, -62.819273403788834, -62.265394167128726, -62.44150665360479, -61.46339791765881, -62.795561419537385, -61.71754463284666, -59.815822506927056, -61.3997260500468, -61.310283995637405, -61.80949209194888, -56.23064329641679, -59.5256641099014, -61.341205948985284, -60.16407605154747, -58.75618483919482, -63.16904533059645, -63.31166830263001, -63.711531455068815, -56.559907342487556, -62.69708838071226, -62.15649801252153, -62.23463620966489, -55.991156143499246, -54.338008760216624, -58.57908904782447, -58.71609228262431, -54.02514602608957, -58.89272331957771, -58.546520789793576, -57.572299705921765, -53.32715859085859, -61.87095362966739, -59.822123962283165, -55.04222903082073, -57.82134983722203, -54.99397971668206, -58.99276352377441, -60.834023253577634, -61.44662574909712, -57.671454822115486, -63.1073509274287, -48.59186127864042, -62.82422498236942, -62.469297404228335, -58.24660735900217, -51.73503242273175, -46.56678077040719, -53.362213443250106, -50.73934969381837, -47.975087467464014, -58.71666203345475, -52.7365011874566, -51.68462161038431, -114.7839250788996, -55.613975477211646, -52.94677952523274, -52.10354730438735, -57.86479806199575, -56.34159683885343, -50.90488532959992, -54.47883559562763, -62.22993380980721, -58.15387415239495, -54.713515706098256, -51.526078225966614, -51.394558989508724, -54.50368434729841, -51.60588187394506, -62.58879144174879, -58.91515158393328, -52.37345200249704, -53.023735278979174, -54.14055074790028, -51.84014351519218, -52.258626331208596, -52.905164324091615, -50.927653110872875, -45.70003398115632, -51.653525242101274, -58.33103545063122, -56.84985461403911, -45.363247485196595, -59.41376159710562, -52.47112292711482, -55.96315416490365, -51.7808500994288, -51.32289149954849, -60.52378202108592, -58.716950111656324, -54.20282305943456, -56.17456479164567, -51.107666836188045, -48.84998912057669, -59.05898949043576, -57.32145179203962, -50.18019774077986, -57.66046153365316, -47.737914609230124, -99.48411971088437, -56.78040080833336, -52.89931443201418, -52.813294888182476, -51.23919714750897, -54.409165230743646, -53.17926310075395, -52.79912507204, -51.213776731609634, -55.81459767125347, -51.18796822943039, -49.8346433556371, -51.11676152822893, -52.12723802958595, -52.49357861611895, -52.61853444170336, -52.47759291485497, -53.43381223980499, -46.770880640483455, -49.85013578952512, -50.73766976310393, -57.57558811158357, -48.68580827374382, -48.58848076641529, -49.40317375671481, -48.60362787169551, -48.950302385851586, -51.01538141188172, -50.305595062942324, -53.75945193728822, -52.99625822612934, -52.087814150319936, -47.73230995729828, -51.61859676207949, -50.34425508030778, -41.268624106660454, -49.86824210788455, -41.30871367113529, -39.93070755170067, -45.8268938915799, -39.669673839047526, -45.12661341204673, -46.176062612616484, -37.25493781509927, -38.95645911972738, -34.09713397911874, -32.45562306675605, -33.98395493868226, -41.138831100219406, -37.15581869129373, -38.52431297129318, -39.66947157485321, -48.67016079663307, -48.03497281876373, -48.54304472722682, -36.305473237204, -36.2587881068649, -36.77256974556886, -29.49250379372537, -24.244561642140702, -37.90087762024439, -45.858401970663415, -47.38701218351355, -112.72146105778054, -44.915152081137656, -39.34228207214418, -46.41985797878427, -40.197847183118284, -41.66488097043886, -44.540188997971676, -46.274243806773086, -38.366638307861244, -27.690725676795896, -38.965732734635885, -38.64416633835137, -31.40713472045131, -30.42920403444279, -30.987613521849777, -32.04684533296874, -26.856606785044978, -25.52179873445817, -23.578077245052313, -24.2737233806879, -31.559005559213286, -32.74191723415549, -27.62991031538925, -29.8561448300013, -28.64319071319605, -21.73871172447785, -26.69252023813327, -16.23250114353482, -16.360510337134027, -6.4226748749876394, 4.810875358184181, -17.358904661038267, -3.544496818365681, -105.75767756778995, -99.09507007965942, -16.25489322432855, -19.712821570194457, -14.97523438956752, -12.679640949118081, -16.899980821699362, -19.658106761117946, 8.020576088208077, 1.0197030450014446, -17.510086049785215, 2.9930666877855914, -17.474631215382086, -5.166311650467948, 2.226221659548769, -14.411593076354047, 2.6125325742026986, -2.523130326976684, 13.201705597905772, 6.523927058956492, 2.757912474516931, 18.155244835807135, 5.6624495197212505, 12.176841028603407, 15.492129641830248, 23.213091303328202, 11.513293469475668, 24.791985295008928, 21.57897870146257, 28.235037523162564, 15.539318078293544, 25.00640704638231, 24.669060199350493, 28.539684567076826, 25.320126785493883, 26.62081469955067, 28.86528265728185, 25.750544145671356, 51.33774180063297, 27.6149261463053, 23.177798448349062, 43.63382395901846, 33.96401247498661, 32.73007063083472, 59.45015755941486, 38.78012608497053, 34.23153363648163, 36.544528036258725, 51.760768618524686, 34.036548858768896, 37.92408017058289, 58.53253017345763, 57.9653371798371, 53.82261630056008, 63.82084173681636, 68.72617756189692, 59.921875176097515, 69.50713205059252, 81.92670524009435, 63.784974885061345, 58.220059054623526, 60.18534351306273, 75.63186462426067, 61.647879418297, 70.12122708196789, 66.27069587894938, 74.82298283884826, 67.97424410121573, 68.7838024184247, 85.73738199472093, 78.97257384822716, 70.3233532756994, 82.42286866755775, 80.39321591937205, 76.65503827690219, 94.1822532358292, 91.06119283418099, 86.79204489531524, 81.59254116581876, 88.36199071739863, 90.46029885922664, 89.25239364368187, 81.74678328600812, 99.69719159805065, 96.30254176557999, 80.7886146496564, 90.29332599213181],