{"best_score": 208.16339916584707, "score_history": [-110.17898443203651, -102.5668793969384, -92.32810250037106, -101.39156772630538, -81.31767242330092, -90.98094616559581, -109.70714654389893, -116.12720947369249, -102.60991069269942, -84.3336135248762, -128.44224236767457, -106.54666098495981, -102.87361621236926, -106.56513061259625, -110.29858334809603, -112.70722563383201, -110.96837262084645, -116.3278602677264, -116.94648936701489, -103.84942056777079, -108.62578968902801, -98.55471324554148, -50.47731938288562, -58.46240642401224, -103.85459852235765, -103.83768491283277, -100.93334297464291, -106.4806692114966, -103.58783703045236, -100.22908629501494, -130.46865989338792, -103.15164994709566, -107.25375226767547, -106.20246859146127, -102.47167585314655, -99.32518596453717, -102.78258310281439, -76.50717899077358, -75.61357681484594, -73.41522421238759, -71.22857713970699, -65.70048844518404, -100.36651408766335, -125.80429417591355, -106.11782542618201, -125.64731155019068, -65.01836019659952, -64.49512699462431, -64.11602157781047, -62.56367592913158, -63.317962476066164, -58.328893043322815, -64.64962271413664, -60.787313422000715, -55.76637676610932, -65.66159054305237, -124.22656455637795, -70.26109039069198, -61.10502874892016, -45.70620465345746, -128.93981986714022, -169.72256098670334, -53.72300331397123, -106.65344033650805, -58.679418237448985, -107.40252493764567, -122.62135415502327, -105.52858911299084, -57.645116006736856, -68.52060785729262, -61.005776074897376, -66.32877319213881, -68.023819395225, -63.91874993333372, -61.42783584663165, -61.23394397446446, -65.89101858404842, -66.1484960078578, -63.74895541546706, -61.561716056998065, -64.07070227174982, -62.370969233539554, -68.88616758267696, -60.84940815213854, -60.62412671307211, -59.63491491817076, -61.037185274049186, -56.70693887075486, -111.0931284310262, -56.784272887259355, -55.214332330552566, -50.014539305338694, -59.86269724266241, -68.52492114204536, -54.10091151167365, -59.630295950979566, -62.54959682197701, -59.045941093271274, -62.987206548742364, -61.804179611353156, -102.408362152101, -63.039465266208964, -62.37964629403489, -59.82757981821607, -56.91393999021457, -65.07094897576218, -66.79336917777331, -70.4938024930796, -60.971493378971445, -61.88358725852371, -60.67259219303835, -66.80526969166385, -72.04329785608509, -56.363098646615526, -65.85439252260998, -66.16550878773134, -60.8834904011273, -117.06979403104137, -57.123204953342196, -62.69663551959563, -110.73720975571933, -70.96032777997168, -98.82844357156132, -94.30004232920271, -62.28756115630814, -60.33844905061143, -58.37902221781539, -59.65031085067741, -69.20607095591218, -117.42689094211347, -121.1520427544651, -59.404231293691744, -56.071791445674535, -61.827796943938594, -54.047056739445146, -94.13835617514016, -54.46863676251813, -54.82338666017123, -59.185231545937995, -53.017668132406804, -59.93519000816756, -60.200198315680275, -50.73689842818284, -58.03771757922491, -58.33589128764557, -53.742239112292964, -56.72080352035256, -59.37722143449527, -51.1801195994217, -53.77889858143648, -57.93132589472903, -57.774241843981834, -56.241261664641755, -50.973831356531825, -42.04052436864449, -53.99365502411788, -58.36468495233608, -106.48053159415535, -110.47638426671239, -108.83041132045817, -116.6665511334034, -112.51790559813637, -48.96387261670013, -40.29253220911325, -51.78313046609533, -60.418201191858884, -91.29057412624122, -52.497406004736796, -52.24345729266118, -62.992075778605276, -53.12592147421928, -59.05333933766741, -44.49902325085626, -58.62567962151545, -50.493552652542725, -43.25926299811712, -48.6097852442844, -54.02070439028015, -42.69070661487452, -43.221400481154525, -42.8531338438013, -43.556586422967705, -43.52523188224755, -48.08476639909319, -45.06881876847122, -48.77599658528526, -45.632565431686544, -41.20025760648691, -49.921972072143994, -43.334658162213145, -45.460440818776156, -40.566418468177496, -41.95698876044436, -38.022967823950545, -44.73007012438231, -41.15279274959172, -44.39041156640353, -36.04833226243682, -45.78946108401943, -29.916356648711844, -42.774655384402095, -51.00406975492843, -53.41100747081113, -35.717688890646336, -38.4447209712665, -46.13464867093494, -44.30279595524621, -22.90982438265112, -33.78422250777213, -27.12722029697787, -40.06230202308083, -106.39475496720337, -33.76421479363852, -34.62016303091923, -20.180668600483497, -20.97039564922325, -25.289116210344588, -21.903757008523506, -23.291310399934634, -33.094396160598535, -29.464745018602247, -14.218606717565699, -20.10721840265336, -101.36038130723126, -26.666243052983376, -36.87258226761675, -23.20300979639991, -26.506055392964832, -14.602134804922718, -16.405081793655963, -19.16367310789413, -16.239956290499148, -15.304948350272985, -0.19250960497907543, 1.1502165841463718, 1.1403296709177075, 13.842300112949511, 20.37458358641127, 16.487396825648304, 36.32387859674997, 33.05471001156126, 62.04635197481573, 36.29874512015736, -89.28637786811476, -68.35840934676926, 57.28444690844645, 38.24501998317385, 51.117960338495685, 48.03273582506546, 58.64574613920722, 59.562739685217466, 79.30212199635156, 71.95872449199078, 75.26628667795158, 89.11255710086098, 83.69210069844273, 100.948846301059, 105.6332886868447, 126.17487857935633, 110.92030475033495, 98.27211322889434, 140.1554250214402, -122.77375657435677, 123.04230923626298, 132.5433640097731, 146.5315207084549, 127.67743732229751, 121.04530537947375, 124.92569476289799, 161.76800902292118, 135.20935842134975, 181.15509784532813, -9.458507820531878, -69.64654611394896, 187.02196321811425, 202.06055025568872, 193.497057711838, 217.99917291367345, 178.6731007033641, 236.57427602166737, 257.92393436117356, 216.00008641865983, 221.92822066269486, 241.92011049071095, 250.35008760987765, 267.4681941245853, 78.24486798741543, 259.2595515795374, 272.16362195395743, 267.8291416957556, 265.87875558947, 266.3017462899828, 6.484294248645725, 272.3984188775144, 275.5301901903499, 143.02258864066175, -82.29840160366459, -10.94490867487923, 277.4517414508669, 278.7423722698502, 269.19375489117743, 266.09061676542484, 272.645612738407, 277.7222420782784, 274.97305202217444, 274.94138297931596, 124.0764640933437, 269.1277711283374, 276.64021390420106, 273.16693621311526, -109.5018799764202, 277.4517492961767, 274.8726060072865, 288.1394066937879, 279.3125092232301, 286.51049301777664, 284.36926601881095, 279.5768365744511, 285.86011484328645, 278.80225836912143, 281.9137323735662, 284.7022271337267, 289.14453585508124, 284.41639066171706, 287.68082908239376, 78.42146162436921, 286.0056142561623, 286.33330018947333, -115.18686646158062, 288.26937140837856, 286.9389121127283, 286.13307426565734, 286.30945334220445, 285.78718404461694, 287.96402891943404, 284.24015252270215, 285.67738471388344, 287.4988430895098, 288.35237890276835, 283.33911465858034, 286.5262462795374, 286.89584627051323, 289.422017969661, 290.2099523127985, 288.46292346279813, 287.1665615417693, 286.27435915048073, 288.8983427179257, 292.2414345390947, 292.1299027044442, 107.68464900515212, 187.55770482872407, 291.2816239925302, 26.926225737424943, -102.91166968492792, -104.914738687216, -105.32564788750932, -52.27299909523379, -201.5872151117366, -140.9570913554753, -109.08736988917211, -130.36446205439233, -147.53258170214787, -105.28473426849023, -102.88035631794017, -102.92819930843264, -101.01250474902689, -97.30522407283036, -100.3740834377401, -102.22564988144177, -102.38175001039107, -102.56071369328164, -101.10898184431313, -82.37778733209048, -101.36525508600722, -101.45245591588505, -104.81311896161829, -102.08997017436381, -102.91088748908804, -101.50175645325085, -99.47245717489098, -105.55652578038318, -104.2552690407373, -103.23687049114642, -107.2115201042456, -106.48348354743918, -107.16044171733037, -105.25067552420062, -106.4596942220113, -108.17657092519725, -108.46364463940573, -107.33303733959049, -107.80701967456875, -107.70383057675883, 