{"best_score": -31.708038776510225, "score_history": [-81.39101095729562, -111.59872233288176, -100.86509736208696, -102.82132451527364, -118.09337213067928, -81.04771843255524, -102.48824745374608, -121.70988277131568, -83.58695794962101, -150.84179951082444, -72.34334354997331, -57.07880395016852, -60.345778335256696, -63.99165095600115, -120.85476137377958, -100.5638318255879, -123.20845233173357, -63.65253594462653, -103.89065064178655, -64.9163150501686, -56.06178780746845, -58.13932610827371, -107.35674824907525, -95.81281133841568, -131.26230710651308, -130.28477778271912, -118.8436895645801, -119.66325782875315, -113.29053758182718, -102.7039074344535, -99.05775768072562, -96.27658938234734, -98.40305706389466, -108.71593848282518, -98.74987678497169, -98.88109578271707, -74.36961838753734, -66.31685590983999, -64.31930623623596, -100.77329432799915, -100.71072189286988, -131.21782464886317, -132.64466818266052, -73.09775541050334, -64.50492556646826, -65.92312631518497, -65.34134913723985, -72.23341106988202, -120.5861767407294, -124.58131874115702, -124.79776525077844, -146.14585612578134, -130.5149031466578, -96.30736468101037, -137.59976597521796, -129.12063754525104, -142.45754353736928, -98.09704059549452, -144.65591727090919, -73.46773273724203, -61.0488163823094, -62.29455643400402, -63.54735146831528, -108.0819385276946, -68.94217756770473, -65.37997547251246, -65.42015067505088, -63.45486417880834, -62.22694638593803, -61.44557835822432, -65.47699867080624, -67.0402712107361, -64.98160352436891, -68.45272754818507, -61.74342659077976, -62.868028654545185, -62.706395447210774, -60.35605719270493, -60.86018446544611, -64.01601353670593, -62.26757815192644, -65.79579341042417, -60.84295039614699, -62.153223816946266, -62.60576352787079, -62.671670704098354, -63.54309165714944, -63.1475900108027, -58.122921515077365, -58.663885221593425, -64.07209200710152, -59.15506679494411, -62.77403415381396, -59.258524371611756, -60.3365323107947, -61.89922953265766, -62.40573060896196, -58.896997449059405, -66.06401507578937, -60.25058051426177, -62.16198574823361, -61.08084797297094, -63.460466039381785, -60.818892062082554, -61.459731376206605, -61.258540107837376, -57.98308706736891, -64.08752530525845, -59.67767318363605, -63.68166576014812, -55.78497069513086, -62.44653621366022, -63.04553122758293, -64.64840895120444, -61.08913380041177, -61.31686897933321, -61.36625875044818, -65.38194865129478, -59.51938328532197, -62.432721696933406, -55.04744174466588, -60.33308185278768, -54.69418013332981, -58.619038848275686, -60.56916007098949, -61.35939970868873, -55.81481338781917, -61.34008877710484, -59.7028088717523, -56.99890223639776, -56.218704439720405, -56.43224874674674, -62.457720072773434, -52.344831318805774, -57.72377340950481, -56.81208633908174, -55.198056354840574, -56.890065417769875, -57.314588528214884, -56.91149157111107, -57.38949779587551, -54.299417671825715, -63.63050831752401, -53.90107251029211, -52.13949977981928, -59.830656221007345, -56.79327610099598, -60.84838438042029, -57.15416210244746, -120.00336057217542, -53.07418097122489, -55.439815287860334, -60.54382950554044, -53.9788707667321, -58.656964049827515, -58.34750004195238, -55.476790045982156, -51.88847559528834, -53.59296301867222, -50.16314046020311, -56.38220838352206, -54.02141400630226, -57.74921209338729, -56.46973772872531, -54.46915300817081, -52.709453792951614, -56.46613827212802, -51.02564719737204, -55.229483061369976, -56.41442308679158, -54.82844659445727, -54.61279953107456, -52.79647693776934, -55.93266988248718, -50.65380561735376, -52.28993557792859, -54.23489907941073, -52.08389411601857, -54.03591803064737, -53.787186790651965, -50.97597879950553, -56.9493962176074, -48.44964643557386, -55.80742446220572, -54.36392933499226, -56.57851997022606, -51.91036788075061, -51.70622123542798, -51.37367758629517, -49.34019871656214, -57.87839693942755, -58.87337114623202, -50.45596396245, -50.796262201605465, -52.19811503763192, -52.20696146224193, -51.275730920153826, -53.4102967168485, -52.39206908525675, -51.79370202329848, -48.435215992710816, -48.935879763677214, -49.19648446325264, -46.6631398738402, -53.84099700243059, -53.59708219412278, -56.50673686921334, -48.57828083876386, -51.39911506883396, -47.97574530433065, -49.527719963159775, -52.78199341342891, -55.723755811291156, -48.31296577421149, -54.50502455841037, -46.82893579086932, -50.87735195737806, -49.62813537706767, -53.315169732633066, -49.17149374948761, -46.62287274098319, -43.2953826290531, -52.5179786022371, -47.99753119071278, -48.44700697180476, -48.83292414509427, -41.719199259128324, -46.98252015438802, -50.25996929929893, -48.62511361910289, -46.58684679201021, -53.956351020897465, -52.43094799752817, -54.373107356455925, -48.07842755318378, -54.34195686910437, -45.78659982739103, -51.7627796137692, -113.781755313569, -45.46653023341224, -52.236214370897684, -52.71037592510205, -48.943318644387176, -47.10109011959738, -48.417050655967685, -44.91367955156746, -51.83647680748167, -51.71003199369224, -41.12491609105121, -42.77862340113457, -40.58029293241574, -50.75458677881166, -49.20371019888903, -113.790412581129, -48.3335740354104, -54.31962927509959, -52.502235220905035, -44.951678173548885, -54.573435528732354, -45.58705983972206, -42.83380848074818, -53.168915645034794, -37.67174688435116, -42.025771291074186, -56.17567923486382, -51.02555456841741, -51.06932610436787, -40.73674233067404, -51.9773727461193, -49.67417805798351, -51.62262269602049, -53.473011993032685, -45.76045567734615, -50.83217947228184, -49.68741268351241, -48.205336497425876, -41.18585024747789, -45.84735872822429, -47.58773657981678, -45.59040822999723, -46.37379008434504, -53.65463602569571, -39.79630332268574, -41.25224438175479, -49.16219480560156, -45.71473256797524, -41.63826067250256, -39.281301042281974, -33.353374757075755, -40.746564583409715, -36.12149137424761, -45.157875519843266, -47.512337164844844, -44.51149356196475, -45.87284216939473, -52.71912597747402, -53.08959189996629, -49.371892106949474, -56.166924283786564, -44.56597062638786, -47.68007864352918, -46.178636697252706, -45.11277951137362, -44.134206819555715, -41.68746577749378, -41.14135182275661, -39.82101651670305, -33.55512351852386, -39.454866525862755, -36.619843931212095, -41.15758610431616, -43.15957583302456, -35.318611829871855, -33.993729922445695, -26.48087726577432, -36.564283621616106, -35.90353882936654, -41.03882428931368, -36.75796116118053, -38.43371155591903, -33.123009284256085, -30.569814427970854, -28.183719428951004, -32.00392559971235, -35.73825122848775, -21.73555256126298, -21.829709292844893, -23.125517996821703, -15.20636219739736, -23.473876379673445, -19.668596871543492, -17.006338582974127, -23.160756684134515, -10.697490460268208, -11.146775456327797, -1.0791857005271641, -5.091870869437842, 3.7639116391132648, 17.258651590182442, -0.20408908935158704, 11.668215260143882, 13.324039612036538, 24.122929877646317, 27.32260011554771, 35.14641396586391, 45.56285212449716, 29.319565647787563, 35.195239604387766, 34.08593669207176, 28.93961359194601, 36.955801625994035],