{"best_score": 243.3082303349824, "score_history": [-75.29488855022615, -467.2444576521532, -231.68875165639176, -117.89610654985262, -20.952711428700624, -326.24936960305536, -282.5623327588262, -42.422426558953646, -84.81750521654774, -363.7836364181538, -78.53095579918875, -164.9584541064158, -252.93419237591766, -65.5629087586428, -459.5325843211005, -110.33299995294102, -49.34709546439655, -158.6688744026536, -77.72381764851522, -238.9675704837798, -343.3984463854837, -381.44885665440705, -271.87980013672995, -187.82252005499262, -92.34091347813334, -67.52258275573342, -88.2963853799276, -106.71585200445048, -247.16560853550158, -171.69243089802615, -218.57792931757615, -314.4285798542193, -105.05679850269189, -310.99949621870735, -58.70386847721821, -287.2782521440847, -68.64974726099439, -383.17757842441324, -68.89041486861, -296.8165836466869, -391.29116772467376, -88.75620777331005, -164.0259226720765, -245.99071786195125, -359.0135654020028, -351.6002617901045, -156.18640193776866, -191.2207728735338, -108.26795981426639, -154.92906701015022, -293.62443798236006, -340.6939355413717, -97.30369864224716, -36.33045829462516, -104.6188488047764, -129.69796337524355, -98.83728548325396, -628.7763106818744, -35.71775105755722, -67.184955605373, 22.102503310204725, -9.657823675070574, -174.9356420301423, -35.36260375474589, 225.76138410699713, -111.00937701252566, -15.664853925983948, 14.402018959050508, -23.426815317012426, -34.07932194950875, -41.4143896695349, -52.337144428249246, -113.62903368936331, 201.83579045560356, 207.79623791716634, -96.99869676798126, -65.84663371292443, -50.3616833375651, -145.40355195796928, 231.14156623818593, -66.65245052872869, -116.00996548295018, -55.18448292636524, -84.3932689014852, -112.96898905892667, -141.1239956668776, 7.155622827327027, -16.498555645238913, 12.59560589360102, 17.844550503905808, 0.572811855777388, 189.24928296813408, -12.9390528760155, -6.048850118087998, -18.285422692481102, 190.78956961185622, -38.468176568646875, -46.36549780094583, -10.970705084646879, -38.23469703782695, -22.465903713301284, 6.5913913464310045, -74.4308474002691, -83.7344444129406, 21.142954332667045, -55.00785048703754, -35.0440718493751, 197.63819470084525, -80.66062933914984, 154.51543550982262, -121.114686716282, -14.971049930347077, 106.0924853233996, -40.81580780614026, -33.69444860650112, -91.5186312606161, -2.3140326588298747, -46.35072595850066, 0.03408209786782751, -48.342670014261216, -40.046748800764284, -23.0184379752746, 20.90257241794861, -42.51724425600783, -11.004282688260647, -32.00135280422675, -16.149581178952275, 10.244691403421788, -65.37447637457396, 11.5193786799135, -77.9409672929739, -11.743799318492062, -12.979995556569706, -38.828178419554, -20.67558151788722, -12.860363716685168, 1.6205055194158229, 24.222021995555465, -14.157181385550025, 8.242562048017717, -27.09590639339222, 24.88077324107729, -1.3568725981426604, -28.133382303601373, 0.13008584540606316, 3.308840996022508, -2.3395922913930676, -24.517948154525477, -21.739494966053933, 191.8717860564756, -64.3319910139281, 55.77134426864188, -30.925812737636697, 12.550241747617108, -20.82434605210361, -15.206222702283355, -35.228861377139985, -6.506712386742683, 9.203414385002748, 121.99015378733293, 21.531744407834786, -35.65862050698753, -3.276838950476675, 3.717477048904793, -151.04377634098532, -35.049801454404005, -36.65948657933728, 122.28973118813254, 17.609470591571785, -30.064794692681474, 128.65930788793528, 167.75606269825218, 201.32437809754123, 158.2694113544074, 173.06637398998538, -36.09418936194301, 192.2191100769389, 202.40132985114636, 166.56032676604016, 212.97339113440938, 218.28842692844253, 204.96404856883765, 188.17049839708767, 242.01826421095976, 231.54243642556312, 6.230564589007486, 235.93437046862897, 216.5252615409935, 217.82939501644574, 271.3815936592184, 248.88956860900737, 133.90888115386466, -3.4857037052603204, 251.93971726406244, -0.1050664345712704, 2.2748277075075833, 238.8242708912186, -20.343560822352714, 235.60446684287336, 228.03427503163235, -289.9257814525441, -398.92772653999407, 255.5351322518891, 271.43487240588587, 35.89040102135999, 255.1421118300077, 112.7201844777845, 220.83410644633176, 231.60516565440008, 231.4223764638896, 245.37699982943104, 268.1253109159858, 81.9377233680483, 224.19861723423878, 154.3524822818301, 248.6184564156387, 199.34146867211308, 218.49851924431442, 224.80704200157243, 211.58819029203525, 258.2281498259433, 212.08041036700754, 251.16359732880994, -12.695800607664026, -29.055145233249483, -33.2478241671112, 219.60166726118945, 222.53763293378358, 214.14574855587935, 213.31295500610028, 233.35969327041616, 206.14486124113893, -60.07515537296606, 261.14968270785425, 241.63058279820058, 213.98173564042804, 250.16612712091057, 236.54227208391413, 275.4538928113358, 210.2478351288339, 225.15538254530412, 145.94065071512546, 233.64794195806792, 20.843969557351997, 268.4779535754543, 247.96109186253452, 215.5336471416078, 236.82519681892904, 274.7344584406364, 269.18182527883926, 137.11361937346746, 270.9826360629987, 221.68118266848836, 218.73334081363842, 279.58965053405336, 252.58549837163017, 269.7100921849875, 280.7703325031505, 250.61042554771663, 291.6623388085262, 269.859287945436, 263.0499192845743, 270.13569663839064, 267.20605303464225, 233.50930311641812, 279.75698265230824, 247.10474392956823, 243.01613268258313, 246.16409051017004, 156.84611607242036, 265.93667004298334, 267.017520815141, 10.137478466548645, 297.93962955013086, 278.1157607482288, 254.3439245832251, 266.5063471034691, 230.26063023124294, 240.0427948418338, 275.98935404790666, 259.7095786156577, 255.16685941503312, 247.07570437961095, 274.8926125123372, 237.9603209034271, 264.0861908001576, 235.10343864337673, 244.06011459388407, 268.90192441381794, 243.4703411904984, 262.7765209727004, 285.2076013469507, 287.26815807663377, 273.2837958729484, 289.6003926763325, 267.28299801187865, 260.26293721705656, 275.5306673408769, 250.04097927925545, 247.434134426188, 250.50018363839297, 298.9483733381197, 275.7446520191105, 21.67047431920061, 258.36075144677284, -79.06350292669629, 264.80905723135635, 280.51807329931535, 252.31135572249266, 243.53946941472105, 260.34699002020443, 272.9907496642319, 227.812347140217, 284.91474402962893, 278.4643858872598, 233.29671688748613, 248.71212998507576, 231.7381323411213, 254.42731178853967, 282.5851655916973, 202.14071249878558, 273.7208829974106, 240.0880933355276, 228.82606940762207, 291.1677864032898, 238.3114319414074, 231.62927704851785, 272.391803008945, 27.224046344713738, 249.9216534758632, 248.33198804407786, 255.54417661237568, 136.79423681133656, 241.09488759557075, 265.7661450812436, 115.52909395581975, 146.22897283248253, 230.80595625852723, 262.0858852967009, 13.047446302938596, 291.3103746325852, 257.17370496757457, 298.78809427187184, 240.47339871083335, 239.1808994341929, 274.889828445201, 253.06997308290596, 285.5777445761669, 269.59828750732356, 238.61839670823684, 285.85224874166624, 240.40010789288075, 278.08498880792774, 237.97121127236224, 295.8646298878774, 220.88609888081277, 206.84036774883344, 246.04371658435397, 102.66155249899413, 120.96072042198055, 236.81030161210995, 164.1312599840194, 267.34349663482044, 267.3889680375396, 281.999701344206, 290.62378242380123, 269.86520923233877, 267.7431970923752, 281.57996753967154, 278.34439668658354, 277.92308879317, 304.7795027218835, 249.491389500161, 250.45447369882308, 264.5385405768691, 273.20105233508895, 267.886020576865, 261.06682984193316, 265.88032505310167, 292.89011559732523, 265.37055270021847, 275.6288916376112, 250.6694152572419, 267.9426054692708, 164.30440417934074, 273.77969433680784, 262.0078137584554, 278.0947305865436, 255.55490359511256, 264.3677041594377, 285.883492922492, 129.0421719359228, 269.3787415550695, 295.5701471601871, 268.3560738597581, 271.1981776839999, 259.18850787045994, 261.40599059296886, 250.5647466677621, 259.6688231592449, 