{"best_score": -69.75458504554068, "score_history": [-81.39101095729562, -111.59872233288176, -100.86509736208696, -102.82132451527364, -118.09337213067928, -81.04771843255524, -102.48824745374608, -121.70988277131568, -84.33896836150774, -102.37764924984138, -102.7391317313492, -109.78194098280025, -108.85204326536507, -111.79073058523828, -106.9238036485032, -118.86071433306671, -104.28964085188757, -92.67542356699515, -105.22502963634767, -78.42289335689718, -76.63348352365882, -102.16754562579344, -84.49508176157133, -120.04883610317313, -85.69210179800947, -88.79259562387625, -83.80849116906441, -100.56270223215905, -107.97311483514359, -84.93435757331787, -87.13130887902359, -83.76015254141066, -87.4388528350694, -81.05562150986195, -86.37272945289769, -84.91369612787179, -83.41291699540946, -83.37888194454816, -82.01483536935828, -79.8793817419775, -83.1329587013871, -83.85911598382525, -86.64081370507063, -85.04731268373607, -85.24541024153199, -82.8621838366722, -81.50473916955477, -86.1381431842867, -75.7528143913089, -76.5923308137613, -78.10257563674165, -77.09177235123335, -77.12255017879062, -75.79930770799555, -77.36608611965721, -80.06545733342756, -70.46840817635135, -76.2938558348051, -78.26568370541328, -77.64703726027724, -75.25562414298709, -75.61517123273742, -75.11529489649168, -78.21595893155201, -74.75869176355712, -76.54462241124602, -76.55495835875833, -78.6345659479204, -82.23031517160344, -74.79213711881063, -80.16786607967576, -77.43143985317316, -73.72426691499639, -80.01263974466637, -73.0160223224688, -77.86463240866794, -77.7144771191397, -74.29758423056788, -75.05587791923645, -77.98450871606585, -82.30886760105018, -76.21235898250134, -77.50133292530171, -75.00090356603788, -71.9378175375695, -73.38334074059868, -80.64955517200384, -78.81848801686267, -70.13208843727178, -72.4784720132945, -71.89735077619176, -70.21595762623944, -72.5774845445146, -70.7668754570361, -73.8644581478447, -67.20983746412885, -76.6686082459026, -71.77907030757028, -73.53408485407066, -78.53334201831125, -71.6026639505121, -75.76028344097041, -73.66347896922682, -77.5474245181247, -79.87331014855246, -74.26048712401946, -72.91733816393324, -74.9925796729709, -70.96057791970905, -68.91747778587576, -74.11903325923221, -69.25470666628284, -80.94029425953786, -73.29695905856916, -76.69830338771575, -71.01828830820102, -78.47535977325292, -74.70507096287106, -78.52044711088173, -76.11812043550968, -79.0993119268376, -73.77707775728759, -77.58214686758193, -76.43591908765106, -73.81328072580799, -73.08681783431172, -72.129978855369, -69.83057640152026, -73.3321836746152, -76.44159851253096, -73.22882900494791, -72.67999832877115, -77.99703315088877, -72.1727049534362, -75.65404425046171, -65.31785901500587, -73.42012612783151, -68.54117540377001, -71.62213187481181, -73.89748251541978, -66.78392013960438, -69.40643763662057, -69.90150633697868, -69.12136143523776, -73.78546580230231, -63.919048714089065, -72.21463101154737, -67.44470829541727, -66.84685894376912, -68.35073154734476, -68.7628960716312, -64.7559755357313, -66.35523522475692, -68.80542258376981, -67.96690499282559, -66.3679279371957, -73.57182600815452, -65.13436105035883, -70.77658333236307, -69.74676652463721, -69.59719892093563, -71.76036581805427, -77.00113592699704, -61.18759023853434, -119.7077927795394, -76.91938474810541, -68.74428275493777, -72.8789541985101, -68.31172693247258, -70.63714245254296, -68.7006201799258, -75.30302958549412, -66.71653682831449, -71.60812055438137, -69.53173114698698, -70.45311766680913, -65.79031926431408, -68.44414440133855, -67.7836370869985, -70.59917885335835, -68.31422086440455, -66.61841372351277, -69.66082064393588, -69.22532428363326, -71.238489765771, -68.48418912855182, -70.32660016657695, -64.41868372176866, -70.05751676442007, -68.75248060608098, -73.524675618292, -77.69289693287999, -68.57547540125151, -74.95428516447778, -75.58803284655333, -68.37408833016268, -68.40698170664339, -64.35860785195666, -65.08420950814042, -70.63140546321624, -63.78478636233912, -64.55544360243894, -66.82780475524365, -76.24032003826649, -109.76291432811983, -68.9165597698602, -67.73333117570988, -65.82514895789292, -67.78175411601667, -69.2619935170961, -75.26263337579265, -69.26791533443965, -65.3530362004342, -66.45013387219035, -83.1601892783962, -71.14022763894228, -65.75038812136775, -68.30303858286163, -68.34690354357198, -71.37692091132352, -66.8480157444154, -68.3232126570887, -64.6676547184431, -66.56927343194816, -72.9008377963302, -61.69146457174232, -69.44172587605831, -72.48619779562708, -68.89275613050995, -63.80982612528047, -64.18995809443516, -111.68160838629385, -64.55853322477923, -66.10300422913454, -62.9090994726744, -67.31930272223683, -67.06722285498635, -62.35719629688881, -72.0098578610968, -65.98450042453065, -67.26435700111156, -72.547991337948, -62.94850230903119, -63.65485525638745, -60.89024030042533, -62.34874619752149, -65.71969379357863, -64.28352952938168, -67.71019208523374, -64.76984638563827, -62.36767012735589, -65.41229865653136, -62.29468841703217, -128.18307402306175, -106.19001173173746, -66.23275563645358, -62.28010983225897, -76.17724823280504, -121.82031172061774, -127.909163263799, -115.45883727556219, -126.73524552569039, -123.04774932984387, -122.60497427865491, -122.53104732348459, -121.30010899426787, -122.38003795404299, -122.3831738048514, -122.37417168783708, -122.73533882212575, -122.29434856465211, -122.52440250595286, -121.90433864382406, -117.77406464317689, -116.00393415317312, -120.20771990339831, -118.1032052804837, -118.14696460714936, -120.57584472922856, -117.20787607536698, -120.38613415370432, -120.90971404271882, -113.27018081184477, -117.02579704026132, -108.94370327493766, -110.42645038262538, -103.4713432158241, -110.44875108350348, -111.22780451222307, -107.67418335275104, -112.56478395644281, -103.0137185364825, -107.12605129240112, -107.33407480383882, -141.9047269330807, -102.86113148726182, -106.97731323424448, -84.36658159574245, -83.89602896557338, -89.03590843958055, -91.56349961425484, -70.51479027649165, -70.36873707513821, -71.30883411920537, -80.44157297709909, -73.22070516530569, -68.64182232167731, -68.87157326290937, -68.15840751348742, -69.55577506865946, -66.15246520202854, -69.37392183358905, -69.79053636604142, -70.11013093473925, -67.62217301411222, -70.47804531349608, -67.24007285761492, -66.67535268756974, -64.91239311080905, -71.82692824176695, -71.89321011680317, -73.28345426737403, -69.792028752861, -65.74130547275524, -72.0407028511686, -67.67353169473331, -70.54633265308551, -67.37893726326855, -68.17866137854399, -71.55276503229055, -71.19496734702018, -72.20544057510409, -69.03597713926548, -74.72690252524197, -73.38618913447992, -70.88482670364525, -77.13064057415566, -70.64974002895865, -75.48471452853897, -71.59673349521894, -67.52381680731646, -74.3258227774835, -74.53080212485057, -70.70737661264914, -70.75654781014147, -75.56178901917369, -70.9183490388563, -77.3846380268851, -68.65932703398212, -66.80037279908011, -72.5489893012784, -66.28186343566861, -65.83793524733946, -72.90082657733679, -73.39737311517075, -78.30221963339675, -76.15903716851469, -74.85038947634588, -70.54610997493923, -70.26159953771653, -76.80183632329505, -67.6046041512756, -68.83488117395798, -72.1119020629001, -113.23491051036244, -110.66315715784623, -69.6589610722039, -75.62778460679381, -77.47710143250951, -74.42289181607417, -76.79363500933832, -74.84026108524323, -85.6414476614506, -72.76179473104814, -72.84489539797598],