{"best_score": 139.90591420613566, "score_history": [-94.34625776645463, -110.60508180133883, -88.0958356414063, -98.20258378712533, -80.24723358117679, -99.4518020159866, -180.86123661897733, -109.454215951989, -107.05729067398421, -104.04566598662983, -102.83065595713134, -96.9543364373309, -99.22420123898486, -99.54670178657862, -113.15911733500675, -114.19375915123751, -123.64348650899055, -86.04069787176279, -127.61548017219081, -100.06081724603295, -107.23506292005379, -77.4194795983918, -64.80085758795285, -63.06317681186638, -57.90347077368783, -56.96094826952429, -59.67086514962231, -57.11108841011428, -63.82866242735891, -58.562552808022346, -64.27082164369477, -64.08404386165739, -154.48411737714457, -123.15839952910568, -118.84868480548946, -105.96716830850765, -111.44006042726897, -124.34203104958249, -125.99000313677453, -128.47078121928777, -113.16151346090622, -123.75716789898757, -105.44364909651425, -112.45826519178257, -115.36110693854715, -115.36863220939163, -110.05972115955316, -104.69949018606978, -101.11083190940134, -104.02076895087802, -100.64394877203104, -66.64035756091928, -66.20637727682151, -61.80884299860139, -63.94093594430026, -64.80092715185877, -54.9587623799321, -61.83281060551146, -67.5790542174568, -66.13366259988902, -66.59174803222147, -66.77130878362888, -61.99512327352387, -67.23056787898012, -65.55838520425937, -65.1737663647465, -67.02692437447833, -59.128053104164124, -64.95295525458441, -56.71928086411876, -61.967270754263865, -62.09649150018103, -63.50754618009882, -62.96622851285839, -57.231291655308, -60.67918846310306, -62.42697365004435, -61.999246612680466, -63.387272808002265, -59.70314735215232, -59.6727649876675, -55.005994783455016, -61.9973295801854, -61.15829696988185, -62.97701196732969, -59.18335827940598, -59.160071296351816, -55.018705784868715, -59.53043381910776, -62.00538049416509, -64.58139641661876, -62.24739948968008, -59.18645018803538, -62.05207278603888, -59.240943181005115, -57.73615699101259, -59.450363075181315, -54.445014842498786, -61.45319417353127, -60.02592265000346, -54.391336999368754, -48.07557964965044, -59.61066137801379, -54.65160287298166, -54.64963785723094, -57.802648007465, -55.72541319087448, -56.74036034174659, -56.86665317793246, -49.918840960007564, -51.216491233854, -47.46203866587432, -52.57252311608828, -57.73165245218204, -55.90639670984174, -54.26830894367416, -57.69290292074251, -54.82937666228042, -62.478890910191346, -56.32517427357488, -57.20012790399757, -52.961602273741484, -53.06263569662785, -53.32931135238951, -48.665072519768636, -51.615958584303165, -48.086343613321844, -53.704397470826805, -54.87318675736065, -45.71237140766705, -48.6526016962857, -50.11796381404138, -45.89740568264876, -52.323318297762825, -56.06196507108831, -47.97168209777519, -50.579000295419455, -44.45850211719462, -42.75895505333175, -52.16233104646055, -44.65900969531746, -45.08388696481608, -49.080374293941794, -36.424625792280544, -37.050602220500814, -37.420812460768815, -40.78169722113908, -51.16635346040519, -40.57206850181447, -46.47834547574285, -46.70284581213067, -37.92045264658452, -40.013559672637335, -43.829874390532545, -48.61008438523962, -33.262239101195995, -47.135568795314704, -42.57138228899899, -33.590054761411565, -45.509180861454766, -38.017178419556174, -37.86493634126609, -41.07522462915992, -32.64096532953333, -43.94485732898925, -34.61915053807423, -34.66597488093755, -35.92857893475484, -33.47618593808668, -35.08565300182225, -39.772067554328544, -35.436671815165404, -39.265304386752604, -34.979962130281685, -34.961586462841474, -33.80739453032061, -35.85137968923119, -28.4156800701493, -33.187754432998844, -30.746641203703, -33.06848187540724, -37.433734693253186, -19.739427488176343, -39.44088877923676, -33.13790102050787, -27.508707603575914, -16.248257042798862, -18.87282128824784, -8.312874029636234, -17.723140638171017, -3.425433207243106, 5.4934712072470395, 0.2776844852614869, 10.103311836862229, 6.709258296408839, 6.368562012718883, -3.6713139797818655, 20.3934804116549, 18.898036139336387, 23.46808557043364, 47.41275028365032, 52.12299164656327, 27.138942380515044, 43.82773714348169, 42.555697768332266, 41.67643982693257, 49.92032092960536, 41.01617516625155, 54.69894342629844, 54.366945916747056, 61.6884916727133, 59.56990376104488, 59.92365631012016, 67.1575881301806, 69.08741104066259, 59.06925025986593, 54.499905331079674, 57.33080733137423, 59.62163064975664, 63.679810800930106, 56.55737065098415, 80.04226003435134, 74.9618435498626, 64.07301033099098, 67.87623666980325, 62.77871153675436, 61.8618127353741, 71.36765557429369, 72.13657454255147, 78.99840252701104, 56.065142775810635, 74.58589641640825, 70.12105035781428, 60.78608619155546, 78.90078124561474, 69.32794965731419, 73.1798684812087, 71.36499271920502, 73.64000725126483, 80.48845479969144, 87.04598310009746, 92.85419616288577, 79.66027466460531, 86.00340303687113, 87.29220749533573, 76.25614241379748, 92.59126551493968, 83.63108005293219, 84.20642862844372, 78.27019342292823, 76.83566087077051, 91.26746053257601, 97.29204220737763, 86.51152024409413, 82.96147027125232, 99.43356979937084, 100.24200901596669, 79.1056650636527, 89.80266496329448, 106.0566637649288, 107.85379155746047, 95.38059344656787, 105.48438500162564, 90.96625734412918, 96.72668604073075, 101.74505835877359, 85.89601202352002, 95.68506999453872, 96.17085930677096, 96.84976344080602, 101.96474768848684, 81.05151529630145, 85.7500498006386, 98.3125439943098, 101.54750200496557, 108.33328529220417, 96.19029227774453, 117.36451137509124, 114.8543690350516, 107.93281522213177, 99.97693660669302, 118.68291584750597, 128.2857411771687, 123.52495886936423, 124.55712881857413, 141.1384537545181, 143.61316005117706, 145.5600263302481, 141.338219668163, 143.30166872197498, 147.8256094572477, 149.51133644802505, 155.893287799886, 131.2137132228322, 134.46361640156593, 122.05153486050226, 164.2590417461585, 167.07548734525753, 165.38877874589537, 175.23016610230204, 165.92071323437153, 167.0063649086428, 195.12014441432183, -114.61413239236487, 159.62809846034693, 139.87017633198076, 159.57007341364434, 166.33873428041414, 171.17600425523327, 162.30337007636768, 147.99063105094285, 154.29759126236604, 171.41214250861805, 160.976573922874, 149.68089282914966, 157.0155618674537, 149.376143760825, 152.50113210200084, 151.31288239360356, 165.5311320053528, 168.34610095075868, 180.86580870795348, 179.1040039326495, 172.3100269858983, 180.5579053118594, 192.2965106660012, 189.9647890147656, 176.4044905670166, 185.147262170784, 190.09711765134765, 198.77605996388738, 199.77800267062517, 180.47366626909908, 191.51850163403543, 201.9366164733266, 216.32636884099986, 240.5264846771452, 227.00385171980432, 204.75215686795212, 211.9016351939446, 232.0932760460253, 224.84181168500263, 261.083592244147, 231.36321494382284, -108.30043041157474, 226.88048744571782, -119.91521486957859, -112.80281310170145, 172.91423242413947],