{"best_score": 271.1961671857871, "score_history": [-113.44146491971985, -116.5490027101313, -90.79105047566311, -97.27078300543377, -76.69521265601276, -98.93426983629912, -110.81996358490052, -93.15273197788206, -78.31317101568304, -117.86349171674803, -111.90004894447141, -121.56946977435456, -101.34155362869737, -119.2670253075296, -123.79007540568585, -128.98316046719998, -105.91405800225415, -60.29344233255276, -106.78940648998102, -108.9519237128757, -102.4900036962346, -102.66587965484088, -102.77917964874747, -98.07504872702287, -108.32803249197585, -103.59490854085267, -101.55634406552836, -98.79491276546692, -102.27213567807277, -99.41102716703449, -101.55711058482885, -110.45446231976804, -206.1605868867177, -100.42953810431436, -97.13192104014055, -106.36436646195793, -106.19218048161517, -101.38489456931548, -125.8658194817609, -104.12236150877139, -98.21591273146868, -124.51793512039384, -100.19188039133294, -113.46205982106075, -104.61352984419092, -98.0926923668189, -106.23414833255981, -107.12592517055633, -104.35414307935062, -100.37684529010362, -91.9664998866345, -113.92167565803726, -111.60001325023546, -98.42158091687722, -110.04134295370756, -97.36180027940496, -97.39146198425783, -95.32909359642242, -103.18135455926881, -96.20914004055908, -102.4107950907123, -100.3673493568711, -103.05292300741064, -97.26729237866712, -115.45091492576998, -91.89053547212264, -104.47362025247158, -103.68654911828476, -123.04082176818453, -27.95807096080208, -31.576353677823736, -103.12254445140243, -93.85802628580123, -92.6096449420331, -94.61915502187439, -100.57058514722281, -75.67057146349605, -105.3103708675811, -95.33042207273871, -99.3338888509005, -94.67381731030407, -99.12353592075695, -16.756962706787533, -13.673236218571178, -119.93876733516714, -12.691188276293673, -106.65253260409708, -16.161469958411434, -107.69778367208565, -109.66199553156613, -108.14488829125837, -111.55961365697082, -107.87941451841407, -108.19464282152057, -107.03737515881657, -108.3140480117388, -108.82217207583474, -109.73974482574438, -79.54669045880681, -67.2365210505839, -18.369757692307967, -34.33871068675076, -23.051330866620873, -12.189695225829285, -21.561970788498886, -17.91883397404573, -9.729237378183672, -98.73255021770647, 1.0311198484151765, -100.78791380275723, -95.10528255158941, -92.35558613122812, -6.526190159001658, -17.064453384454843, -65.01360024055856, -87.21702492170382, 2.432136703870576, -3.924955153380188, -0.9982902793653654, -11.58046298836574, 10.270678347413504, -9.772385019042021, 9.083376794875344, 10.309440157117718, 16.916144462939407, 20.49714722281777, 0.7386860546086368, 16.331830215352813, 10.20078373091584, 9.567130904235407, 26.087771987801368, 8.65278299829351, -91.48630578867301, 30.06997398189039, -82.03359166377764, -90.36987090585454, -84.34078314690277, -113.82621048693794, -96.9406673601338, -96.97612116448767, -92.64034754869714, -96.64091699794245, -92.201205297356, -93.04017211665305, -93.58365933308843, -115.2636357156836, -159.3397693277001, -99.35054682551464, -99.78161232643885, -99.01368646744297, -99.24278376641684, -102.10180740316646, -99.42974238525642, -99.66893875104064, -106.61119201672604, -99.86239578609323, -111.31236682715206, -104.7587601305206, -104.25418253634311, -100.83403966702629, -105.58854759358739, -102.0328932133913, -100.70966302797012, -98.64500598569774, -107.02677867707548, -99.93203820583112, -105.49623150998043, -113.24755035522999, -99.55311334318792, -100.9325676459435, -110.69288860238326, -106.21729304231161, -140.84038235055013, -102.18985025580709, -99.55801655619261, -101.38510902381812, -104.96386423143062, -99.71935601475671, -97.68099008246014, -100.04910691782398, -96.05688193333273, -96.31953585544571, -95.32785867932641, -98.57111931789728, -99.61248403815677, -97.1871417651254, -96.72381378747895, -98.50181208248421, -96.05985823678326, -98.63101320444291, -92.4721401534935, -91.38929627307247, -89.52972952395801, -69.42463259193349, -92.31309078312603, -58.43834913063015, -71.60302817741596, -68.5702887626908, -24.82673162814554, -63.50279790566445, -24.262507314256148, 8.19194724633991, 34.43611421672801, 40.13764147789997, 54.90810850650538, 66.42456143645524, -75.10541645568395, 47.22465354003311, -65.92517277665337, 47.433546019873226, -73.57914576026972, 38.07835791599614, 36.110128439396206, 33.778106220252624, 44.35950774029113, 35.64458750600369, 52.74801192403205, -123.01456423294668, 48.19999981149758, 53.01819391131646, 75.44775344741437, 76.82789770009946, 72.09623728834207, 76.16507628469364, 72.74118264384019, -60.785974838116566, -70.39128032259859, -47.35409503584714, 100.61524137995924, -31.541921746587747, 81.27291804548972, 98.04242558702647, 98.20934906335208, 124.73189897443291, 120.01892065115996, 135.57279153420163, 119.15722708766201, 138.01816622036117, 141.30677589426065, -34.90075532813323, 157.2352490752942, 165.80287452740407, 179.7176016530586, 162.60902097695467, 169.284024914145, 172.22202440249615, -123.12249333392145, 160.4064316950673, 170.75113915417194, 168.1694319701703, 183.18204014206597, 183.031975086432, 180.2243772183644, 187.45775519844392, -17.981122427498534, 214.01387603533033, 214.17106726136825, 114.26362905207469, 229.44464206779912, 69.7582868894622, 61.307514819117415, 233.18887015363046, 246.74480220470392, 234.5659353403901, 250.40297698190102, 263.9569481093516, 136.0457135978694, 42.16368431363543, 271.24089274744637, 271.54859423677374, 270.3071741782151, 270.11713095346414, 82.57004716909748, 268.9114839610763, 269.34055640799886, 270.09922729280527, 136.29127349520425, 139.64005747409624, 275.50781605571586, 279.1569740847744, 277.8793687993414, 276.3459591182656, 279.8551745209207, 278.72245890495316, 279.48143845741834, 277.0891984751123, 98.8181520460214, 279.76381164842456, 281.06155318855514, 284.6283711995512, 282.6181215445629, 282.14840293826336, 284.1412976882685, 285.0386973731701, 286.14217387912095, 283.457220654783, 269.06998608071797, 284.7979992606913, 288.8930712586837, 288.8724791238759, 287.15105856606283, 47.68044309080801, 288.1633879849585, 289.0505858340662, 286.4298730257832, 287.6749969936868, 288.02334326881294, -94.88657271693305, 288.2849998816144, 285.95305879201254, 285.34281439209616, 286.93054652146753, 284.50184786011135, 38.55646338178184, 288.7746016768892, 288.8326252320596, 287.24876805363294, 284.4339121051658, 287.35927933667057, 288.62192499294565, 148.26428229359786, 287.7792810904169, 287.2956344261689, 289.89022135441627, 287.1048549703216, 286.81437528022207, -91.57656262052754, 287.23983838921885, 287.47111344484154, 286.99259959757427, 286.43807203019276, 288.46828037019077, 146.15375079600406, 288.8062633285834, -90.00223182830526, 289.70319129020686, 291.73855872903096, 291.8161599047399, 291.17775221460664, 291.9164222707438, 291.0250840370058, 289.7616143316516, 291.72933636541654, 293.4747030219056, -33.688089641387876, 290.5881409906739, 291.50670460251894, 294.17892336068695, 108.97247554754958, -43.50106970715507, 292.95081003057845, 291.6853195034332, 294.1910552320571, 293.5719379181412, 291.14275646645876, 294.9443392177101, 294.5260822226817, 293.7075881900048, -87.71692506359517, 32.350313027275774, -41.33933448016981, 295.20459068555, 295.05054349187486, -89.3447316228437, 292.72587963868534, 295.667278066611, 296.83887544224376, 297.9052050970452, 296.5407925747293, 296.37772733965284, 295.920220336923, 296.7783774541338, 295.8874123948735, 295.97985752677243, -27.673574903359608, 295.6746825126212, -37.53611908734902, -45.389800745553025, 293.3050537257357, 294.5023413398988, 293.24577157939143, 294.3310291877848, 293.95967935446237, 290.60664058887403, 293.285050284517, 295.13414912093316, 294.78524270512065, 287.82718592902233, 290.6838226848149, 294.2160518114566, 287.9734467436691, 291.1055611137297, 291.79387597683564, 292.30922642846906, 295.1832190894457, 294.83195591854525, 294.93758431113434, 295.6686942392661, 294.07385360570265, 