{"best_score": -70.45377855264458, "score_history": [-99.33769659253544, -81.34290406856496, -100.89807066601577, -98.73676961513422, -115.49422939053298, -114.48928156948648, -102.66984987441862, -103.16510873772793, -78.4948092860091, -87.87601814486253, -103.82555552539601, -115.47791135247797, -119.05326971105643, -120.55620628290607, -178.2703772312306, -110.96591195634132, -129.593509684346, -125.29020096014573, -96.78229413772647, -106.1185005439228, -76.45677185793865, -122.51318510759467, -84.21444331238843, -103.672525763837, -107.23649012664582, -109.31280242837468, -108.73921407767261, -102.78787570839438, -104.73708361393027, -105.33690550756889, -103.93734608860251, -123.84007794714331, -109.74497515078976, -56.15242470278417, -57.02142050043004, -75.4228889879392, -110.5456827382284, -108.29045449343386, -105.15139151185751, -110.38991407386152, -108.17184262695847, -103.44276049070821, -107.32692291207348, -104.26982547990264, -113.02341663450437, -108.2470960225535, -108.68675319700044, -122.35194221232811, -101.32870349285038, -104.03799686510861, -107.91882145430583, -107.72389275343468, -105.60142913758568, -104.64672733476665, -86.69383371314436, -55.35737578086117, -102.60510676151017, -103.16966876458004, -103.09542263288704, -60.656539989220946, -101.08057960674299, -101.76450654721788, -100.7940176710758, -102.76279308045096, -101.52437682423721, -101.16409251272337, -99.0296760391647, -98.83991287988673, -55.916836144773114, -104.43260947830913, -119.41398292604019, -103.21646150453265, -108.31380626220536, -107.22580308786407, -106.86201103758377, -106.44848239212514, -66.32172924391399, -58.18416084141755, -64.05449032231357, -78.12038604104566, -61.545259116805134, -89.13414272988224, -104.50059697728356, -76.43031357100902, -66.42394468611012, -80.85136285495912, -52.0884410854409, -129.5176837160631, -68.55350197273663, -69.24599724417942, -69.19562358036114, -69.49929848493254, -98.82882019937225, -63.250875705545795, -72.01166261343437, -98.76084966523077, -71.77400764976451, -77.46207899205871, -66.66628842178258, -64.30273581097158, -69.39381044891032, -65.32256709922946, -69.10661552121925, -62.3474063991584, -65.10973860007942, -61.78156072701688, -59.65406229713045, -124.11205796943543, -59.51217292213263, -59.767752639052354, -70.21334246405992, -62.534811742824154, -61.81372555937461, -63.845854009984286, -68.95699934945742, -62.411917283702124, -61.6928245303507, -60.14786050318965, -57.44609048731954, -60.17714352302007, -63.968948163359975, -105.20999273930646, -63.05646474971478, -62.57475194103506, -62.26090918831181, -64.0348412461402, -61.07549208837244, -64.26894843471938, -63.1552186713401, -61.09552717036478, -62.583151606014816, -59.13455861305066, -62.91518523742856, -57.68529165497095, -59.491718945434314, -60.90761102044237, -61.547459410982206, -56.328564004766704, -63.765193744062685, -63.52229825464188, -64.8041823145281, -62.56600274316095, -57.31170984448747, -64.83570503861894, -62.41904462149188, -58.885192478408456, -63.1478315794053, -60.17162416975284, -55.22289540607567, -58.28977446586929, -58.08071004143413, -59.11603224472914, -61.15499125701146, -67.2793858209692, -60.70380618206572, -58.028084814856676, -62.06906518751608, -65.20717630099928, -59.520643315643035, -64.97850249483041, -56.50171133121811, -56.16584938130487, -59.82339276743946, -59.10879997900377, -58.467374730709, -123.69798465559943, -224.01703322938815, -114.10313301231216, -107.81319292450199, -53.43375452579621, -106.12680279100687, -107.40903322607838, -103.09378559579265, -104.32132715418827, -102.67929810412166, -109.80388308189437, -113.57519204295954, -103.9078187741867, -121.67854180216433, -101.63772698351089, -106.10188396651174, -102.14899888400082, -101.25960246507513, -101.76230714435565, -103.09266489045385, -99.76523281073291, -101.75838549305871, -101.84151393232214, -101.44601095935175, -102.2400559383637, -103.41699752333574, -104.28181846363904, -100.93445036911014, -98.19874207281197, -99.44018039084412, -100.27667084062783, -103.52372971554162, -103.60255841283158, -101.62278906504251, -100.43310470685432, -100.72656467095452, -101.41913477472309, -100.94967945035454, -102.13788577894029, -103.9301667278707, -110.72364489606632, -106.3417235642296, -99.48483333713003, -116.75956234354713, -102.24134905830833, -100.63654496144038, -101.066568711032, -102.78846472433892, -103.86741922569834, -103.76211015904974, -104.11226690150363, -104.11489168202783, -104.41674842674627, -101.3012041058174, -107.67024570831843, -106.61918719999616, -105.2157752961001, -100.99197009815337, -104.02297805359339, -104.75534703269352, -105.2437547768578, -108.46731989035632, -115.96555768222531, -142.51086549316983, -100.00187634873267, -99.93048854810839, -99.54541708162178, -98.93968857911028, -99.79554136434756, -99.72526964941497, -100.14788583817675, -101.79901044745371, -117.57412261245835, -103.17763026795815, -99.23211161852255, -99.08532731762031, -100.29034429231504, -156.73915200395697, -104.10199412299049, -101.3450026018039, -102.44044756283766, -104.00218915188188, -103.35818083211625, -103.18491984164358, -100.26243371273142, -103.48723092380664, -103.94312776787712, -103.32269045643508, -102.43946799727033, -134.71278015519619, -99.49017246631658, -105.97186978076274, -113.17472602718371, -131.53969623929387, -121.46238870806309, -109.68080152970832, -102.59353446134428, -130.30970793541522, -126.74325890498547, -98.74910745893202, -116.48499263102374, -119.12407599374961, -100.09893073918174, -112.8331184773506, -119.76310033681135, -117.27863785962947, -120.30896591236815, -112.88985474918564, -128.37847797531447, -116.6391039775107, -102.14778032455365, -105.39046341237798, -118.5090660861251, -99.47908051234049, -99.45782674144208, -101.58349111495664, -115.69696427045716, -104.41511657500438, -102.79068641951743, -72.13476392873841, -68.96567009714462, -58.93775271345408, -64.37876068117492, -155.29175618048012, -134.01803642338825, -127.55122362066588, -109.02485111241295, -91.45169081382257, -79.05077415035713, -84.34854555778408, -67.38942820421187, -72.42892424145835, -125.80486137988729, -68.8526420186049, -63.79292066991652, -67.83005528531083, -54.212787541415345, -62.587371143371094, -66.69274014683803, -67.37628889248565, -72.96140207522072, -68.80096078379708, -68.83249170328757, -113.06976886620726, -111.11243040260983, -112.09627466692092, -108.33656292423979, -109.27999805789814, -109.70758709711706, -113.55190483744319, -112.14495023749333, -111.20663093939609, -111.32365839912804, -113.91502154807249, -109.88101756870282, -112.7672237435182, -110.98381248277116, -114.39600355662344, -110.39008565458656, -112.16442990976076, -109.62516212677335, -112.75135318737973, -114.5376095016996, -111.03684503601708, -113.32785271339658, -114.65508684599152, -106.6023814470178, -42.11256835087173, -65.33167068007873, -64.85291205041916, -71.04676471218984, -74.84375792826694, -74.21856995066067, -71.69411483200955, -68.89240520760404, -66.9050582481689, -66.253830318116, -69.376456069303, -66.42041531463757, -68.38451219055007, -152.51511833039018, -68.55135981618471, -149.31924993732147, -67.57201382877479, -120.4846135869734, -65.95521693348562, -72.57583850833777, -67.39078027051308, -68.44913851809909, -69.45324140639192, -68.48399741486358, -70.71305595096827, -71.40234492464452, -70.39815848144275, -69.77193527425864, -69.64192925187899, -69.01112220866065, -71.49124241660186, -68.21687282241321, -72.5685728538177, -70.40257423649939, -68.71631949404966, -71.72018075620984, -68.93566173923087, -72.10331360530925, -74.79318911921071, -66.9535920173019, -45.47288314165709, -44.52578034871847, -62.72757280223258, -67.58703169179347, -50.14057735241977, -67.02633320935564, -67.46894483237864, -73.0044740473715, -73.11389322399869, -69.21107531839081, -71.34186547972553, -73.66027253112232, -67.86734559142384, -70.82396961251554, -68.98114182015733, -70.41923572577012, -69.29175693139463,