{"best_score": -72.98144903831049, "score_history": [-117.20232737111363, -113.81303087577783, -76.41069679198107, -81.09803151717105, -113.56353973365296, -83.01788340414778, -96.38258076467645, -82.19731095250899, -110.38629155675571, -83.38384482864187, -82.24906478894844, -98.95547784568214, -81.41288767906482, -72.91150570346421, -103.88029163153594, -101.93994021344247, -102.2358652015167, -101.89779142376842, -127.88072797625821, -101.09237256843504, -103.63983012782347, -115.56149296986996, -105.96035084963155, -99.91916744169127, -100.0845512648231, -100.18057617642171, -102.39143200675647, -99.12250535543139, -97.56097331624191, -99.29121169806459, -104.56257256596132, -99.62005186249439, -103.87720719326909, -101.39651829845893, -102.15034514130714, -102.04644845786876, -97.98535985451812, -98.29721519195692, -102.84677152073259, -103.75532356291326, -104.00224118920664, -105.07929818623388, -101.17392195842974, -100.971576700837, -100.06704008236217, -102.33772446428053, -99.96831973897542, -101.64031651243921, -102.15829200901277, -99.8905051279248, -97.6465372761457, -100.50836772312907, -101.72704041727849, -101.28443952535466, -74.08531180297464, -103.95402776090428, -99.39215130876595, -100.31839022050953, -75.77827774049672, -95.0712106626957, -68.2744699777543, -79.58433637235409, -75.6588453210238, -84.3166641386877, -74.95179436883551, -87.2579353250349, -73.68983369525888, -80.8431373552047, -72.76687990480046, -76.78107201692796, -71.5859016643825, -76.7144341399795, -68.9496879723209, -71.29062780218956, -68.86306934470885, -71.23964081901553, -73.11648091562526, -69.60494333099986, -132.7946056091059, -119.99572853647607, -80.15578569362127, -76.55437828099015, -72.30829808752313, -72.36166630124823, -74.27770269789319, -74.1313850820811, -72.33682814633309, -72.04947150375018, -70.72766909476678, -76.91164077339901, -66.17023555919683, -71.460358990848, -71.8513002013884, -66.23286743899945, -105.47389165730961, -103.9000057329104, -105.48883513321503, -127.74695012193051, -103.47561978982047, -99.0906064133967, -100.53029522408545, -102.67288902908781, -105.74325772953469, -70.26131828673583, -69.88607116389693, -73.02163547506552, -68.7442472379608, -70.98805522432379, -71.64530997270775, -71.23186383677958, -68.00593815939494, -69.55041173442008, -73.59334834885296, -67.0176849888681, -72.3854093838037, -75.43587054137501, -70.10572685773815, -68.80626525966044, -67.1073433792186, -70.22863653515887, -72.76680529163718, -70.31156210535129, -70.30590193594783, -66.83761021910686, -69.2163474753859, -73.54230088438048, -108.57779270065984, -72.82444244431598, -119.03429493167314, -74.47835996600034, -68.87256610338919, -70.44758226570201, -71.07393791580758, -65.31093258827012, -71.88897340124512, -69.64590939001216, -66.43171795752589, -75.28167960164768, -66.98989142127634, -75.90460918571021, -70.52602949942671, -68.74552652947608, -70.92484332099005, -71.49482922294467, -68.85636715904958, -65.46751768509999, -65.71812774472241, -69.22354670804322, -66.6482041482457, -68.80087219016251, -70.19162407556227, -76.8012707443162, -71.03177852017372, -69.81735395751431, -71.76287909390679, -69.96835433866082, -70.80342373246708, -72.28753213330458, -70.21061335618015, -67.52326580554815, -70.94024509113889, -77.88489144868757, -78.44607384344543, -112.93099272112362, -112.63379478926305, -115.49833340886096, -116.32273617270528, -72.3914259320714, -116.63095910405553, -114.76728064878813, -118.0240373948322, -116.94678948863906, -110.17368851290146, -120.63135046711253, -110.85501236619645, -75.09115915765804, -108.22171816235316, -103.43107383499131, -112.59387310601771, -130.8785413851814, -100.0355530291181, -113.99309179794044, -103.54251586286723, -101.34731937842427, -102.83051097733961, -103.85325984985924, -102.77111814567478, -120.82379633364485, -105.02192683259398, -99.835943145313, -99.66979311111446, -101.89621876605166, -101.53825255914576, -104.29768703141684, -98.634598997149, -97.55486100997011, -101.34960029375212, -103.66891218081831, -102.14432722750608, -122.37578703461105, -105.00983853654067, -103.4288090756343, -102.8141750948839, -103.93350143441775, -104.1374090460216, -103.02323617303806, -102.07310172430674, -103.64996806658556, -102.99052368830392, -105.08836287412171, -103.30047164837349, -104.54597593619737, -109.10848220082124, -103.80891785652562, -103.25631456163899, -104.8142373819674, -105.88054560824965, -103.89745391534734, -104.0972931159176, -105.65174186057845, -103.63885195008913, -102.87011565154232, -104.36105232485446, -103.93065500411217, -101.12298497845683, -103.29715378601725, -102.14228211276854, -102.2889814746293, -105.60253018290177, -104.46949527381143, -103.81296283625315, -104.33211554063702, -104.36708396694809, -106.3246696363936, -102.82389570088746, -105.14278961886939, -105.9830853069881, -110.51434140272252, -109.88053574379843, -114.21239881846743, -111.09973209761331, -107.74741066532209, -108.68024647137088, -106.35668902561937, -110.88276658123235, -107.9342321975585, -104.5579015324603, -107.89883042195129, -104.82090102008016, -105.35619142902642, -109.45414401915856, -106.14092577545671, -105.56382854489092, -106.38048716316744, -105.0592124037904, -106.3065478050496, -104.70982865713164, -126.27778138653439, -123.39243945798248, -122.56622647860537, -128.77634884791823, -114.14216953367348, -103.1236039146905, -100.21918336795208, -99.98641470108181, -99.98990917345137, -99.35068918053527, -104.03207740164176, -104.18373572489061, -103.63346862416063, -103.54578767434539, -104.74601823851839, -103.45917239808749, -102.86803865538208, -102.78325534114211, -98.20000110300428, -102.03547061895331, -104.6855377460594, -109.99778303938483, -102.16379333024832, -112.88298365535603, -109.45265143893535, -108.962237723421, -102.61212614133542, -104.57440974404105, -108.70862232536807, -100.95873537177945, -163.67410300667325, -102.05109842504375, -104.15240242794002, -99.00240200032232, -100.46251221968761, -99.35514594830894, -99.14799412872021, -104.59741338222598, -101.33093740223161, -97.59413746351501, -99.23654967346104, -101.3041852611781, -114.54677366256476, -102.99820858211878, -99.80772329696889, -102.04809844597906, -105.08038159500249, -102.3303228855074, -102.89638805979708, -99.91090502069953, -104.47616824648405, -102.37337741002021, -103.63023542569981, -101.9249286334881, -101.39184444744699, -112.97814900516039, -107.58593453010513, -105.49333985440309, -114.32992465465655, -102.45231906672754, -141.80177114005633, -118.21369285557792, -102.5049639187761, -93.44675326481683, -111.210129982523, -111.48620763988265, -102.21182881801028, -112.92410479156099, -102.78426763499839, -116.48733707358608, -126.28239314551527, -122.92330131621162, -124.56814332550299, -99.01559430432164, -109.08058217025517, -152.689720474256, -144.6485462803304, -132.64479007918158, -76.32136615201723, -73.4171173528504, -76.84201879654307, -101.95589211708848, -111.53881222247465, -73.91042904921743, -75.46957895226018, -76.06692841370652, -71.36793394381121, -78.07041097030323, -74.06866157035297, -83.82426641640934, -69.26997692700058, -66.95838427540866, -71.91748499174433, -70.1240310040765, -71.23913497615396, -65.07715933698427, -71.77300476870911, -66.01965388295433, -120.5119754458436, -64.99682899033265, -65.46059175338836, -73.76031514847695, -72.6088116371571, -75.52765993661724, -69.77937177465552, -78.67052218049928, -72.61987688004842, -71.56297178973153, -73.85247767791412, -74.42274341481364, -67.91190371622837, -67.01686484577131, -68.25491901784547, -69.39487824780478, -67.95939271851188, -71.86950399739754, -71.33233294718757, -73.65888563818973, -79.06167382331574, -67.66096186254994, -75.39664548653572, -73.39853408858689, -68.7886657190769, -71.40985213853715, -73.44376235451544, -72.5247243239198, -76.66924499448406, -72.77683542632982, -73.04743299687661, -73.38065441461589, -71.71055885441864, -75.35574450992813, -76.05777914421614, 