{"best_score": -70.19176223311123, "score_history": [-113.46094557643775, -105.62724408173965, -105.97174150962833, -103.84271255591791, -110.4995128923729, -117.67026737056125, -80.04039837357094, -117.28926416606208, -101.03922461934862, -116.03494583218871, -107.66318927246829, -110.75716775915336, -81.41171465245017, -105.96886347372039, -102.19995000618542, -105.53819120728208, -107.53388764540293, -113.1342672148128, -166.36650710320913, -117.13101724273153, -120.92139416374701, -114.77758282039625, -120.18494403293356, -106.27840925001478, -124.82117083704921, -107.51188003094495, -102.87595748825309, -101.82656754127424, -91.56891597177587, -105.25893102775638, -100.8994411392575, -77.21119308231913, -98.96861101256063, -77.98625665077223, -73.7039856092022, -75.57277064778526, -70.93689030407316, -78.35812550013569, -136.87003513209086, -105.71343215722653, -115.4036882321441, -71.52293916700273, -78.79442053675291, -101.39144896476778, -79.88376320263963, -83.35578986959749, -70.6402012113147, -74.94809706687252, -70.5830366983107, -78.19792043552978, -71.43712758432986, -71.62856777531884, -72.88031782137152, -82.09203593817051, -76.5871771222778, -182.3493144839506, -122.72976043048686, -118.25574815673878, -124.14690960506907, -120.18283836485065, -121.33218030175753, -122.87750443427203, -120.47024330243049, -125.6203406300678, -118.8492574096003, -100.07298349521662, -117.111580427176, -101.44636085765063, -98.68074346562445, -99.72052231299257, -101.64055021953024, -113.83063313161396, -101.31875479307709, -121.97910796639036, -115.25426830510159, -114.5849095056237, -120.26579434027336, -116.23846599915935, -115.37496258304174, -121.81916996735544, -121.2661100301707, -119.84015721879325, -122.28019639537669, -117.62511064156392, -118.84613343849142, -118.47052434919216, -120.32282926003013, -112.92520922589115, -115.67535596535666, -123.11420003907398, -120.81800592928505, -115.33677393166037, -123.51265788231488, -121.79716274665172, -116.30487041613087, -121.2377409970745, -122.01066428969057, -118.52530708945233, -124.65744817674224, -120.92004199900603, -121.8834004297743, -123.73805139725685, -119.91153556829256, -119.66460159941266, -119.0070517392649, -126.02042647611302, -123.9304364408548, -122.69275338610913, -117.3114861168665, -117.10254279986276, -116.75518214095601, -110.85235051311149, -113.64573162044212, -107.4346210761596, -120.51128022867192, -113.61903101352354, -122.33791169266837, -111.30654935670333, -114.72024672835661, -111.1112469840621, -117.31154947359177, -116.6846648517456, -108.43802812293328, -123.40629781260652, -102.6179003062714, -104.98622503106621, -106.58820830181511, -79.86670262728674, -80.43933072785543, -76.44478888248389, -89.82246432834792, -76.92180529343152, -46.47566534456412, -77.75466084219245, -78.85972783886339, -89.04855603300906, -94.07990577652896, -160.96848288477233, -87.6930759432722, -81.37733402264695, -79.29504308100972, -71.29946460716049, -81.62022018033437, -73.80593737206156, -78.76124747963934, -77.6048414669415, -79.24977197091555, -76.36421997067148, -81.54554374255108, -74.41783023397842, -73.16759678534908, -82.0064835579572, -70.7515176057587, -77.65332082976353, -70.87460502045352, -66.1688314227914, -71.55768231042973, -78.30381506689935, -76.69162986896663, -71.81265242332742, -75.35781567387431, -67.06296323975012, -67.62492717265074, -74.74950891138572, -72.30213129783269, -75.32450394351075, -68.55590377978926, -70.54391319545927, -71.48852506095855, -74.47483595492639, -75.38929883554759, -74.11633428427523, -75.61243968371069, -70.35406475432492, -74.56071910421421, -73.37723203959723, -70.88603571525638, -67.85395386798288, -71.28101995106297, -72.20138077254755, -71.78535905269375, -68.43459797204869, -72.69936055306299, -69.08274223056722, -65.32053256579782, -67.34304212782192, -70.24801385785248, -75.70590040437541, -69.07910192435898, -69.94841245713525, -68.66780607302472, -69.37207719478775, -70.11672921988718, -66.64543701030532, -71.5605428191191, -72.23552267989749, -69.29508342409231, -60.56043878720238, -69.97073422046996, -67.70579843214534, -65.92603446000909, -68.08884870777871, -67.30435567905839, -65.35572477647538, -63.934700219392965, -68.24557180994363, -65.04198255020768, -69.38025067547059, -65.56190964708706, -61.497723857543804, -69.63704162798675, -74.24953674186085, -72.26896269724743, -66.4100868764662, -68.19392385938637, -70.81027221679943, -74.10190213901949, -67.03599691589642, -64.41899930848295, -73.50488096721377, -74.10720088675232, -62.985893399656575, -70.14582922148065, -69.29530056750616, -69.45174671807, -69.24540851605212, -74.16278531748357, -67.27898115146952, -68.9793705100528, -74.05340289931303, -77.05107010364686, -72.13999654870833, -113.93376672398298, -66.22101083736844, -68.40528550273766, -70.0242236809236, -69.23369098832674, -73.34341453938205, -67.03222968847766, -67.67973879421129, -78.87729050792535, -71.37718217848928, -71.0976233238465, -65.75498928516197, -73.69073941479016, -73.06065822178893, -67.68107723438936, -68.35459310009023, -66.24555720589483, -63.3026391426304, -70.94163736901163, -72.96370187058527, -75.19856568421848, -72.2879892924466, -69.93578934102833, -75.87803869704736, -72.36478635382622, -68.93741923307329, -69.61586796833326, -73.49630229275915, -73.57669832113515, -70.97675051425227, -68.42724267932597, -71.50622281530246, -68.90702050277551, -71.78229088811933, -68.91875565568215, -71.0533284970709, -70.56082883215285, -70.28770779992756, -75.76338655589608, -74.85335575354954, -68.70660811960718, -63.96910577263734, -64.10630292882541, -70.97949431510214, -81.96118458342939, -75.55127731226237, -73.27055188235619, -72.82249544531821, -70.48297130507126, -71.42057509384087, -78.18748033692636, -73.72415613911228, -67.50074952494948, -77.6134188473992, -72.59230646764902, -66.87566922407862, -73.40928242845632, -65.27025471092696, -60.84289401301335, -72.01951930603292, -63.56099662177168, -73.15203998341305, -69.6035648419915, -67.24869687215458, -72.09667801198646, -69.58928233245838, -67.58143784889639, -66.91903705532782, -67.86821602634545, -69.41634429368185, -67.39108718647736, -66.58051154818259, -67.8757864293382, -74.76313060587631, -68.55083105249523, -69.63558188299118, -67.43687355656543, -66.01345886951265, -64.38412294986863, -62.630576307730074, -66.50600739222716, -71.17127831404868, -71.32855792264756, -62.4222130227766, -69.54235939603245, -74.0446306382305, -69.04236791447788, -72.15337526905525, -69.41569839971869, -68.84793305927109, -66.13660069161786, -70.39049211582856, -111.91098902673616, -72.02424854009047, -64.10365622921408, -62.39597633308638, -69.82151433816298, -77.62605977902619, -73.63764622601272, -76.15721689513103, -73.36404565022039, -68.61113300474133, -66.25724672044407, -70.73629663252963, -84.26591258110545, -66.1322340008035, -73.33049216982599, -70.5166163218429, -72.90856289941429, -71.18281635601741, -63.56145340760633, -71.70983691997075, -73.15099648850155, -76.77484361008405, -69.25676255079007, -69.22289402520047, -75.71852795857963, -69.75755778640936, -73.95093940890462, -72.30061489524108, -77.32370272008538, -71.02106865327183, -73.82179229304334, -63.87361189080061, -72.15551282575422, -77.53009782465955, -75.02184652735482, -69.72582343628243, -69.45748825774011, -73.96911300846448, -71.01523218919954, -72.00962153868183, -72.63412826503608, -71.47064935396304, -75.69742972034814, -70.27459776445409, -75.26172208875808, -71.85484224809049, -75.77809051995071, -75.46086989531852, -70.85720038115814, -72.00263311946448, -78.16039159494494, -71.31380072886346, -71.91071563566328, -75.30525665337768, -72.07695324790278, -72.41096038698285, -80.5714799206305, -72.64910885849984, -69.78797919507242, -73.2347415662367, -77.09430998518918, -73.83203967805696, -129.24854699684275, -71.49503860096348, -79.40792747795938, -82.31125710761003, -75.51872648458507, -71.44613583488892, -74.08203017742508, -79.7500802820942, 