{"best_score": 283.85345769056767, "score_history": [-101.8786435452234, -110.81582005371611, -101.15962357675657, -84.91496285416362, -94.19059583035171, -116.72542439727314, -88.61119055883903, -115.9479410905959, -168.83822427891016, -71.07092596834582, -163.639560914394, -109.25232149183874, -163.35112087953144, -106.04439569995428, -107.40621750701342, -108.78881604601816, -106.10995456094854, -113.27897670446708, -111.77983476919432, -114.6558962297986, -116.87151431016127, -122.04557662542041, -117.33772300368423, -118.90585090371967, -111.14818582445258, -111.45078183408454, -106.81425877715151, -105.45826898091472, -106.10888416839019, -105.66749110134008, -105.889590482218, -107.49317180459326, -107.04068588036422, -105.78021916345786, -107.4536467488346, -104.85406185929601, -102.52144896384624, -102.67395456327249, -104.78537190322298, -103.47554982435454, -101.16743238736471, -103.90298224282574, -100.9769452272496, -104.21171026377783, -98.37944904605143, -103.67979852345321, -123.15965549810602, -114.67289466673726, -95.53121040152402, -111.8018738633835, -104.28432879386222, -103.09592486015877, -113.09131369586476, -108.51365413700789, -112.52184927919399, -106.35885659633173, -109.38999415390629, -103.54905353037931, -101.20850049698818, -141.11029415762926, -119.50716556050907, -100.41202471901072, -125.20384462996262, -89.9506944087881, -130.05703965098286, -87.30900177014031, -59.460844564920826, -57.300938719469094, -58.85147363949109, -53.61549784346009, -61.00524385220331, -66.25773375772357, -56.17996666424118, -63.31000481104378, -57.33932786683402, -59.766864809524, -52.92232216718577, -53.476296329751364, -54.15598451429336, -55.719095301729176, -54.424750146491, -54.08141914361587, -56.77688790495889, -55.15888612669618, -50.270503473747084, -53.32899374850769, -51.12414737578292, -54.22796428234159, -52.77545898742211, -53.59167284603582, -51.20390354195401, -47.36869867521772, -49.63682636231136, -50.86028056150046, -49.392447247693646, -55.489757251583356, -44.134109062895554, -44.08136132684849, -48.65463351747338, -47.978627216318486, -53.27626738168849, -52.43165804019168, -46.499764540849384, -56.63662702338705, -57.23261715587446, -51.9765634951086, -50.308016995962326, -55.460623404811415, -53.119345701844544, -52.0675456476444, -53.49047132830145, -49.00169910277975, -52.83541551950562, -49.35694936954243, -59.00383257755177, -51.794148573611366, -52.36466344712876, -51.25647272705209, -49.79505962506358, -50.46540819777918, -55.52132131741827, -47.98401757462711, -45.54845280802635, -48.289658571703534, -45.823752702052985, -47.174560224690325, -53.63573436841064, -42.813622595470584, -47.236310142423264, -44.789487540518856, -44.16975144023134, -47.53591166263672, -44.96324024877496, -39.207683266208996, -41.18705307224561, -32.9690445738964, -29.499000281755972, -26.97768565457003, -21.822758277285637, -16.857073794104057, -7.399752498178968, -7.914603479365588, -8.209813817064786, -3.8413896198497137, 0.9706180003009894, 16.568524011894844, 10.188787384782215, 5.697083606949622, 21.572214694451652, -111.31224543944498, 32.87600658071314, 19.61313438591387, 47.60809753192139, 73.0711234264695, 97.17244748167477, 105.94009140470385, 142.1555672311435, 109.50151608288675, 135.9244679157385, 185.2169092635532, 155.820810291534, -59.76524492251499, 157.24331250150144, 28.383424495110177, -0.23929659723420116, 175.10087733488066, 141.24597658968466, 162.60896318532252, 172.2570618667998, 151.4562650343827, 170.38091737803114, 180.66051830503048, -9.247786278906915, 153.45014701949327, 166.6699252055836, 172.00084033799624, 191.56665848238623, 169.057613108548, 187.85332724051906, 200.85944931865598, 184.8243467085401, 199.08315953757582, 193.30335616877107, 209.20359997294398, 205.27133393631232, 210.631717796608, 220.0955612679399, 220.54358504076626, 207.7533998834547, 203.8336302851538, 229.4108691292414, 214.50908807720367, 220.75896430691222, 209.20866481057095, 211.34539856333146, 235.38544513886032, 235.73470157776518, 231.78547350747044, -10.643747039513244, 238.43397601301695, 2.8757437930949266, 242.7890542940731, 242.96697842772184, 248.15565830987413, 232.90922929822983, 248.33815170949947, 254.8987597451356, 260.95218751616983, 263.0459795228244, 266.7977201218689, 246.96199648347957, 254.68163388176077, 266.458272933344, 257.5411508392768, 264.0032536106971, 268.3287200146733, 268.5364893431154, 270.9407746693891, 252.75432366162684, 273.93421088715945, 278.00378205131796, 259.6718180553528, 272.09565026787556, 272.8245587422999, 278.654336074643, 270.5995002250461, 270.6572246519567, 277.60668619987723, 139.2847623945048, 276.7707570891484, 280.30743135553155, 276.9825505077414, 278.6162326077854, 276.3521954828805, 274.6342805195754, 275.37484882402003, 281.5721250979075, 282.35799813457567, 286.72615097781477, 281.0526120978586, 282.2864518988851, 285.3442253085702, 283.98930793796546, 280.93180163120417, 157.10031115278275, 284.4295526603937, 284.3186874204332, 285.1294054313262, 288.6439017784603, 287.24982440475964, 286.43077504794684, 64.25005914841483, 288.565400686552, 288.94422767866166, 285.27817017915913, 290.9270966716651, 286.5149696199061, 289.0975318757615, 290.18696622048924, 293.3204552739438, 291.518982257578, 181.215402502364, -60.129947516100465, -74.50085725326679, 291.7806007891146, 293.27157360672953, 292.373803898006, 294.1791414476492, 289.59276759529394, 290.16080194184246, 291.31694014303224, 288.30375544632983, 290.0771221123854, 288.18654788305855, 287.09345583660485, 10.469350180305469, 292.0792653188177, 289.6239968867782, 44.47775556625791, 290.530171567495, 288.9917950306563, 290.6500000208638, 291.2632778468162, 291.8974122178686, 287.4410917431455, 281.7098798445507, 282.46319437350866, 287.2818132563458, 285.2542883747022, 292.97596885827096, 289.03763582529865, 291.5298956475222, 291.1497644809777, 291.6093000208412, 292.61841952850716, 294.3203316104143, 287.61653308689114, 293.48775385891065, 287.94056413686974, 292.0827524249448, 288.3133031839108, 293.04268681653235, 294.3654356943993, 292.2968807012261, 291.7160650371238, 287.8892954070548, 289.5456328077234, 289.96608878433995, 296.0012460736345, 290.33817696348314, 295.31544127749873, 288.37528766111814, 292.08366970309737, 286.8867468473002, 289.95914165710184, 294.580272707509, 292.741984089151, 290.8367330444161, 281.68282142709256, 293.9417227954754, 289.83381022423777, 298.43374907846726, 292.1926167789025, 293.52394090920944, 293.0258032960981, 293.6345510879621, 292.05520070003854, 296.8811509993354, 292.72287294900013, 293.6096577593587, 291.05898416847714, 289.10604122702387, 290.1301884655106, 293.24952798101515, 292.7469700385991, 284.85982843952553, 293.5610675922446, 294.6801292629716, 293.70820474881623, 294.16823344647133, 292.6940640566218, 288.0414608585718, 294.75068359236843, 285.25217589137037, -27.83723097914826, -98.59708359339446, 290.796507337575, 290.63390412802875, 289.3136349453507, 291.82927958576914, 291.55770622571697, 295.4649251333768, 287.3861808518537, 291.648538178438, 291.9640941987495, 290.46372598859386, 290.55467039554804, 291.96012884350205, 288.72635687600814, 292.5148720309289, 290.0162053714785, 293.6053624151297, 292.0387347401691, 290.76295736945383, 290.9987875764998, 289.5158359005382, 288.87360099420226, 288.38375978411216, 291.25631012991937, 291.9741993047279, 290.2468497892021, 282.4394667511829, 287.4122920246185, 286.1058439248489, 291.2614918863885, 289.60396583962324, 285.8196106461346, 291.11438068776727, 287.9328335270688, 294.3305790539942, 290.50386838971167, 291.4298063681154, 289.9618133306072, 290.9831943069779, 290.6283629700128, 286.7746747900802, 286.12067849577187, 290.02823294896626, 288.23363507443725, 290.8067359047877, 291.64662758607216, 288.18696180006555, 286.877478564812, 287.3501201115469, 17.40276736891579, 291.4073820114029, 288.6379463511212, 285.9607314960932, 288.59309907979116, 283.81651359464126, 288.80949612425337, 