{"best_score": -78.00507972608965, "score_history": [-91.57692022534646, -79.16798590675626, -103.00280855783913, -94.65987782129224, -111.38445054816516, -97.66549119320015, -101.32308898227771, -102.30069789078972, -109.49403419843347, -85.40538604684906, -91.41078945364677, -101.2974701471602, -105.15156274303918, -127.89018179649423, -101.14780060762726, -99.86806467725337, -124.38465648512697, -97.90853075033054, -99.23375410033762, -105.88841957961017, -105.85775069273636, -94.7095192294848, -106.33977736557027, -102.62681462818011, -91.82219136820311, -98.11861854274277, -102.07716060475974, -78.49120880471371, -99.84212863469247, -100.76569647407594, -107.13142821898994, -109.04785857601587, -100.97121696337359, -103.46599790917197, -78.54718568850014, -99.67336825652211, -98.08291764921267, -101.75724345463615, -83.22552027355788, -101.89067619414081, -79.13718260533736, -106.29131996798299, -76.82657972122645, -84.53300961999491, -82.34601357972103, -88.33306367464084, -90.92006497326564, -85.17408523413323, -76.3227052668011, -77.40601253517028, -82.47990076638145, -92.11101817058437, -88.23094279744474, -87.7319432641174, -80.93163344122128, -86.6864610430072, -77.3190581126251, -85.2362826277435, -82.44178883201023, -83.16841134303844, -80.39012339376386, -81.80043117495705, -87.13023005662527, -79.42923041554086, -85.62293068957156, -82.70827313391409, -82.75899738377726, -88.42356969733096, -88.26932653430968, -75.5826310358721, -90.1044114445815, -86.35489529897767, -92.70758562859243, -87.43104577299289, -85.57862253758556, -86.10036652782473, -82.56521264375527, -81.93642262937158, -76.29533606450877, -77.14675383817159, -85.29207132925382, -84.43800759645549, -78.57908258824861, -87.58967382085407, -81.16541908178407, -83.59856008725401, -83.4237847575007, -83.83739843434942, -75.44175857190162, -83.65723687212174, -74.84350944128722, -81.66717007612111, -79.04883275850719, -77.24953076268855, -80.4451337641612, -81.86541150975962, -110.46426560834112, -80.79134775964813, -81.08032899507315, -81.57424262584698, -79.86645303568558, -83.490800678969, -86.00674000789127, -85.20469390694242, -85.90976338986616, -75.70920654196703, -83.61614972035625, -83.02726683577177, -77.156963123583, -81.3511143707668, -82.72850138464868, -78.14504115248684, -77.69222811483966, -74.06565734102867, -87.59211965413283, -75.17846509909081, -81.4742605690152, -78.48373273506729, -76.4088372441881, -81.82322371764953, -83.15625328183282, -76.87711260388058, -81.28527904861494, -108.24511263194883, -82.68855303534855, -81.69674113389145, -108.0151521508408, -109.77877961205195, -76.86371141787511, -76.02363945705089, -79.62154245046044, -78.49969543052632, -78.2896550848431, -70.40028426733699, -72.89462155406302, -75.12957907346735, -76.96184026746784, -75.32997986158828, -77.74316898746368, -75.89444810388075, -76.42045049109815, -75.43683452820414, -74.83900023832402, -74.76314252656219, -76.06182169676764, -73.47579406565764, -74.69165252878373, -75.76539583353795, -70.30017096734069, -69.81403046042205, -69.1992573235243, -73.50791928713289, -83.44527135551245, -78.72869006699848, -73.43247568768425, -73.69073279500056, -72.65408533049624, -76.52104725109598, -75.86699439115004, -76.45140977682156, -72.9996341232224, -73.00015971524465, -76.1446874042644, -77.66978766443461, -75.97918239805371, -75.83787633606218, -72.97590382708783, -73.24434306562354, -75.51919920652311, -74.48549234748843, -71.94453782892995, -73.87715972360812, -76.73737078905494, -71.76080472317445, -74.10082083738973, -75.800832009323, -73.82753538078859, -69.91901858178872, -78.50201156768131, -69.23837100531607, -79.14148133365714, -77.07342227172072, -74.89057399641864, -74.73085136785771, -74.30030421598312, -76.6008527910998, -77.33915096861625, -74.51779374868488, -67.59187453104876, -78.87275050432524, -126.54789981914372, -70.32954447525523, -71.10468910803029, -76.69227140076, -78.57829276523168, -75.18279601392217, -74.18946370959459, -71.2121147511391, -125.5987475566032, -116.10193095886677, -112.79101790806465, -115.50577362680932, -116.1427802690845, -116.39498292166243, -118.29210637375992, -115.19974164756792, -114.79624697912547, -78.15114996483675, -70.34684799278956, -69.34258794157614, -77.61016782263741, -78.5778738745313, -81.82937575489557, -76.71603941622324, -77.25641576958573, -77.04078549883576, -67.82700258323626, -81.08843989056261, -73.1529771003751, -74.98857716416879, -80.41684652781474, -77.24788273213221, -82.12649555171186, -80.67433783616202, -81.4668513785012, -80.65333763318353, -117.5283811486885, -79.30757824866015, -79.34029200607795, -75.69843028800575, -80.02160010920586, -77.17165972324072, -79.884058216507, -76.41157927552419, -78.74275762737996, -72.6324657224891, -106.00398601975664, -76.78201830353842, -76.14541637732823, -72.57243664253299, -73.86672809512416, -74.54215512083147, -80.62349809824664, -112.50921356528315, -78.57988391504355, -76.89069045159012, -83.1535886580802, -75.28476175227604, -77.61224070984827, -76.59619876398575, -72.71635326131056, -76.9599850348963, -75.59385668989587, -75.96195046916847, -77.31127633040386, -80.06844624905871, -82.48592303333204, -78.2134970161809, -79.92500854078146, -81.79848860660942, -81.7677463185904, -75.34023805523614, -77.65821987776752, -80.64288971460107, -76.05698439634783, -109.11853034886963, -79.02478186437259, -80.41029821334241, -78.30521996108465, -80.98723623174622, -76.12467751485723, -86.76216000183138, -76.79214053772476, -78.72456852488968, -74.83835820070256, -75.1471511775377, -73.61321055335348, -74.28523373168723, -79.08063452061333, -82.60282310918443, -73.01971847648822, -74.38733270037851, -75.19895214796117, -82.78233575928124, -74.25942902488995, -75.35023936615616, -76.82836821203189, -78.45289192867483, -77.83098337710948, -80.30760032437226, -115.91230296382557, -73.198458289895, -75.99860154896008, -74.64539136276684, -73.60034297583557, -78.2696291811436, -78.38893449255929, -72.6647774445488, -77.03727894820905, -77.62505251837217, -75.2568358343883, -72.06428979173803, -79.69824861331941, -79.30467113234299, -73.66938777706568, -75.81935641983601, -79.92720162443477, -70.14972229034528, -68.01621225371125, -72.38256764672765, -79.5534769407183, -78.05914270842116, -111.94100066157442, -110.00831208673088, -75.11668671516013, -76.58798057744801, -75.78962461532872, -75.04319176632683, -68.36472899803175, -76.05712607098822, -71.21777234502346, -73.91722957135747, -71.86258943586013, -71.23816821284667, -119.17806987002818, -73.51427632988289, -112.7663345217298, -111.35181726672376, -80.4403398087381, -72.5111941435914, -67.17462631815307, -81.95596435155456, -68.22731600175491, -75.41467036288749, -70.7327791793113, -72.9404104073236, -111.27829854561668, -115.15547535170599, -122.77162345067391, -84.56655372596994, -77.97167156483216, -79.64228768602705, -73.95233708345559, -76.11722741455952, -71.72828619251362, -68.96726868590501, -75.06468749061906, -76.07813881243483, -62.071535492003704, -64.14727663806491, -67.43191507533398, -75.02454399028956, -74.09198841650546, -67.41385890358615, -60.99849442332167, -71.4560182521178, -72.43468986971881, -65.5529776810965, -70.90094800998536, -69.28651644413294, -74.26846907905917, -71.14396594234233, -76.77965378491226, -69.21665966325847, -68.89488180634987, -77.67965841750424, -66.8709583675413],